number,A1,A2,A3,A4,A5,A6,A7,A8,A9,A10,B11,B12,B13,B14,B15,B16,B17,B18,B19,B20,B21,B22,B23,B24,B25,B26,B27,B28,B29,original_c,original_i,original_o,stander_c,stander_i,stander_o,total
10001,3,4,2,3,1,2,2,2,1,4,1,3,3,2,3,1,1,2,3,4,3,3,3,4,4,2,1,1,4,9,14,16,3,7,8,39
10003,2,4,3,3,3,2,4,4,1,1,4,5,2,3,2,3,1,2,2,2,3,1,3,4,3,3,1,2,2,12,9,13,5,2,7,34
10005,2,5,5,3,3,2,3,5,3,2,1,5,1,3,4,2,2,2,3,2,1,4,4,2,2,1,2,3,2,12,9,14,5,2,7,35
10006,3,4,2,3,3,2,3,5,2,2,1,2,2,3,2,2,2,1,2,3,3,2,3,2,2,2,3,4,2,13,9,17,5,2,9,39
10007,2,4,2,4,3,5,2,3,3,4,3,3,4,3,3,3,1,1,3,3,3,1,3,2,3,2,3,3,4,11,10,15,4,5,8,36
10008,5,6,5,5,3,5,3,3,2,1,5,3,5,4,3,4,2,1,2,3,1,1,2,4,4,3,1,3,3,13,9,12,5,2,6,34
10010,2,4,5,4,3,4,2,3,2,5,1,2,3,3,2,3,1,4,2,3,3,1,2,2,2,3,1,1,1,11,16,12,4,8,6,39
10011,3,1,3,2,1,1,5,3,2,5,1,3,5,2,2,4,1,3,2,2,3,4,2,2,3,2,5,1,2,10,12,13,4,6,7,35
10012,2,4,2,3,3,3,2,2,2,5,2,2,5,2,2,4,1,3,2,2,3,3,2,2,3,2,5,1,2,11,8,12,4,3,6,31
10013,5,4,5,4,3,5,3,4,2,1,4,4,4,2,3,2,2,2,2,3,1,2,3,2,3,3,1,1,3,13,8,12,5,3,6,33
10014,3,4,2,4,3,4,2,2,1,5,1,2,4,3,2,4,4,1,2,3,1,3,3,2,4,2,1,1,3,13,5,16,5,1,8,34
10015,2,4,1,4,3,5,3,1,2,5,4,5,4,2,3,3,2,2,2,3,3,2,2,4,3,2,2,1,2,17,6,4,7,2,2,27
10018,1,4,2,3,3,3,5,2,1,4,2,2,2,3,2,3,5,5,2,2,1,1,1,2,1,1,4,1,2,19,8,6,8,3,3,33
10020,5,1,3,3,3,2,3,2,1,1,4,5,5,2,2,4,4,2,2,5,3,4,1,1,1,3,1,2,2,17,10,14,7,5,7,41
10021,2,4,4,4,3,5,3,2,2,3,4,2,2,3,2,4,2,3,2,4,2,3,2,3,2,3,1,2,3,13,11,13,5,5,7,37
10023,2,4,4,4,2,5,3,2,1,5,4,2,2,2,2,4,1,1,2,2,2,3,3,2,2,2,2,1,3,13,7,13,5,3,7,33
10024,2,4,2,4,3,5,3,2,2,5,5,2,2,3,2,2,3,1,2,2,1,1,2,2,2,2,2,3,2,16,5,12,6,1,6,33
10025,3,4,5,5,3,5,3,3,2,5,1,1,4,3,2,4,2,4,2,3,3,2,2,3,3,4,1,1,2,16,7,13,6,3,7,36
10027,3,4,4,4,3,5,4,3,2,3,1,2,2,4,1,3,2,4,5,3,3,3,3,4,2,4,1,1,3,13,10,13,5,5,7,36
10028,2,4,3,4,3,5,3,2,4,3,3,2,4,3,2,4,2,3,2,2,3,3,2,2,2,1,3,2,3,11,10,13,4,5,7,34
10029,3,1,3,4,3,5,2,3,3,5,3,5,4,4,3,4,2,2,5,3,3,3,3,4,4,2,1,3,2,16,6,12,6,2,6,34
10030,2,4,4,3,3,2,2,2,2,2,1,5,3,2,3,3,3,4,3,3,3,2,2,3,3,2,2,1,3,13,9,12,5,2,6,34
10031,2,4,4,3,3,2,2,2,2,2,3,5,4,2,3,3,4,5,3,3,3,2,2,4,2,2,2,1,3,13,10,12,5,5,6,35
10032,2,4,4,3,3,2,2,2,3,2,3,5,4,3,3,3,4,3,3,3,3,2,2,3,3,2,2,1,3,13,10,12,5,5,6,35
10033,2,4,4,3,3,2,2,2,3,2,3,5,4,3,3,3,4,3,3,3,3,2,2,3,3,2,2,1,3,13,9,11,5,2,6,33
10035,2,4,3,4,3,5,3,2,2,2,4,4,4,4,3,5,4,5,3,3,1,1,3,4,3,2,2,1,5,14,4,7,6,1,4,25
10036,2,4,4,3,3,3,2,2,2,2,4,4,4,4,3,5,4,5,3,3,1,1,3,4,3,2,2,1,5,11,10,10,4,5,5,31
10037,2,4,2,4,3,4,3,2,2,4,4,4,4,4,3,3,1,1,3,5,3,2,2,3,3,3,2,1,3,11,15,17,4,8,9,43
10038,2,4,4,4,3,2,2,2,1,2,3,5,4,2,3,4,4,4,3,3,3,3,3,4,3,2,2,1,3,13,6,14,5,2,7,33
10042,1,3,3,3,3,3,3,2,2,5,3,5,5,2,3,3,1,1,1,5,3,1,2,4,2,4,1,3,3,16,6,11,6,2,6,33
10043,2,4,1,4,3,4,2,2,2,5,3,5,4,4,3,4,2,3,2,5,3,2,3,5,3,2,1,3,2,10,5,12,4,1,6,27
10044,3,4,3,3,4,3,2,2,4,5,4,5,5,4,4,3,2,3,3,5,3,3,2,1,2,2,2,1,1,11,8,8,4,3,4,27
10045,2,4,5,4,3,4,3,2,1,4,3,5,4,3,3,1,5,1,2,5,1,2,1,5,5,4,1,1,2,13,9,17,5,2,9,39
10046,1,4,2,4,3,5,3,2,2,5,1,4,5,4,3,4,5,1,2,5,1,2,3,2,3,4,1,3,3,10,12,13,4,6,7,35
10047,3,4,2,5,3,4,3,3,2,5,3,2,5,3,2,4,2,5,2,5,1,1,2,4,4,2,5,4,2,17,8,5,7,3,3,30
10048,1,3,3,4,3,5,4,2,1,4,3,5,5,3,2,3,3,1,2,3,3,1,3,2,3,4,1,3,3,18,8,6,7,3,3,32
10049,3,4,2,3,3,3,3,3,2,5,3,4,5,3,4,1,3,1,5,2,3,1,3,2,3,2,1,3,3,13,9,9,5,2,5,31
10050,2,4,2,3,3,3,2,3,1,5,1,2,4,2,3,4,1,2,2,2,1,1,2,2,2,4,4,4,2,11,9,12,4,2,6,32
10051,3,4,1,3,3,3,2,3,1,5,2,2,5,2,3,1,1,2,2,3,3,1,2,2,2,3,5,1,2,12,10,11,5,5,6,33
10052,2,4,1,5,3,5,3,2,1,5,1,2,4,3,1,3,1,3,2,3,1,4,3,3,3,4,2,1,3,22,7,6,9,3,3,35
10053,3,4,3,4,3,5,2,3,2,5,5,2,3,2,2,4,2,3,1,3,3,2,2,3,2,3,5,1,2,17,4,7,7,1,4,28
10055,2,4,3,4,3,5,2,2,1,2,1,2,2,3,1,4,2,3,2,3,3,2,2,2,1,1,2,1,1,18,9,11,7,2,6,38
10056,2,4,2,4,4,2,3,2,2,5,4,5,5,2,3,4,1,3,2,2,1,2,2,3,2,2,2,1,2,11,14,9,4,7,5,34
10057,2,4,5,4,3,5,2,2,1,5,5,4,5,3,2,5,1,4,2,1,1,1,2,2,4,2,5,6,1,17,10,7,7,5,4,34
10059,3,4,2,3,3,1,2,2,3,2,4,2,1,3,1,1,1,3,2,2,1,1,3,3,3,4,4,1,2,11,8,14,4,3,7,33
10061,2,3,4,3,3,3,3,3,1,5,2,2,4,4,3,4,1,2,2,3,1,2,2,2,3,2,3,4,2,14,7,11,6,3,6,32
10063,3,4,2,3,3,4,2,2,2,4,4,4,4,2,3,4,3,3,2,3,3,2,3,2,3,2,1,1,3,13,9,10,5,2,5,32
10064,3,4,5,3,3,2,3,2,2,4,1,3,4,3,3,4,2,4,2,3,3,2,2,3,3,2,2,1,3,12,4,12,5,1,6,28
10065,3,4,4,2,1,1,3,3,2,4,4,2,4,3,3,3,2,2,5,3,3,2,2,3,2,4,2,1,2,17,10,8,7,5,4,35
10066,3,4,2,3,3,3,2,2,2,5,1,4,5,3,3,4,1,3,2,3,3,1,3,2,3,2,3,1,3,12,12,16,5,6,8,40
10067,2,2,2,4,3,5,4,4,1,4,5,5,5,2,3,4,1,4,2,3,3,2,2,3,3,4,5,3,3,9,8,10,3,3,5,27
10068,2,4,2,4,3,5,2,2,2,4,3,2,4,3,2,4,3,4,2,3,1,2,3,2,2,3,3,4,2,13,5,15,5,1,8,33
10069,2,4,3,3,4,4,4,3,3,4,3,2,2,2,2,3,3,2,2,1,1,2,3,3,3,3,4,3,4,10,6,12,4,2,6,28
10071,2,4,5,4,3,5,3,2,3,4,2,4,4,2,2,4,5,2,2,2,3,2,2,3,3,4,1,1,2,15,11,10,6,5,5,36
10072,2,4,2,4,3,5,3,1,1,4,1,4,4,2,2,2,3,2,2,3,3,1,2,3,2,1,1,3,2,20,11,7,8,5,4,38
10073,2,4,5,4,3,5,3,1,2,4,4,5,5,4,2,4,3,2,5,3,3,1,1,3,2,2,1,3,2,18,10,11,7,5,6,39
10074,2,4,1,4,3,5,3,1,1,5,5,5,3,3,3,2,5,4,2,3,1,1,2,2,3,2,5,6,3,20,5,4,8,1,2,29
10075,2,4,1,4,3,5,4,1,1,5,5,2,4,3,2,4,2,3,2,3,3,2,2,3,3,2,1,2,2,14,10,11,6,5,6,35
10076,2,4,3,4,3,5,3,2,2,5,5,5,5,4,2,4,3,4,2,3,3,2,2,2,3,3,1,1,2,16,4,14,6,1,7,34
10078,5,4,3,4,3,2,5,2,1,5,3,4,5,3,2,4,2,1,3,1,3,3,2,2,2,2,2,1,3,10,8,12,4,3,6,30
10079,5,4,2,4,3,5,4,2,4,2,3,5,5,4,4,3,2,2,3,3,1,2,2,2,2,2,3,1,2,13,17,13,5,9,7,43
10080,2,4,3,4,3,5,3,2,2,5,1,4,5,4,3,4,2,1,2,2,3,1,2,3,3,2,1,1,3,12,7,10,5,3,5,29
10081,3,4,2,2,2,1,3,3,1,3,3,4,5,2,2,4,2,3,3,3,3,2,2,3,3,2,2,4,3,10,9,12,4,2,6,31
10082,2,4,3,4,3,5,2,1,1,3,3,4,4,2,2,1,2,3,3,3,1,2,2,2,3,2,2,4,3,10,9,11,4,2,6,30
10084,2,4,3,4,3,3,2,2,1,1,1,3,4,3,2,4,2,3,2,2,1,1,1,5,1,1,2,3,2,14,13,12,6,6,6,39
10086,2,4,3,4,3,5,3,2,1,5,1,2,4,3,2,4,2,3,2,3,1,1,2,5,1,1,1,3,2,19,14,5,8,7,3,38
10087,2,4,4,4,3,5,3,3,2,5,3,4,4,3,3,4,2,3,5,3,3,1,2,3,3,2,2,3,2,14,8,14,6,3,7,36
10088,3,4,3,2,2,2,3,4,2,5,3,4,4,4,4,4,2,3,5,5,3,1,2,3,3,2,1,3,3,13,8,13,5,3,7,34
10089,3,4,3,4,3,5,2,3,1,1,1,3,3,3,2,4,2,3,2,1,1,1,1,5,1,1,5,3,2,14,10,8,6,5,4,32
10092,3,4,2,4,3,1,3,3,2,2,4,3,4,3,2,4,1,4,2,2,1,1,1,4,2,3,1,3,2,16,11,16,6,5,8,43
10097,2,4,1,3,3,2,2,1,2,2,3,5,5,3,4,4,2,1,2,3,1,1,2,4,2,2,1,3,2,14,8,8,6,3,4,30
10098,2,4,3,4,3,5,3,3,2,5,1,5,4,3,2,5,1,3,2,3,3,3,2,5,3,2,3,3,3,13,5,12,5,1,6,30
10099,2,4,2,4,3,5,3,2,1,5,5,5,5,1,4,4,2,1,3,5,1,2,2,1,4,3,1,1,3,14,12,12,6,6,6,38
10100,2,2,5,4,3,5,3,2,1,4,3,3,2,4,3,4,2,3,2,3,2,2,1,5,3,3,1,3,2,12,8,7,5,3,4,27
10101,2,3,5,4,1,5,3,1,1,5,5,2,3,2,2,4,4,3,2,3,3,2,3,5,2,1,1,1,3,14,6,11,6,2,6,31
10102,2,2,3,5,3,5,3,3,1,5,1,4,4,2,3,3,3,1,3,5,3,2,1,1,2,2,1,1,3,15,9,9,6,2,5,33
10103,3,3,4,3,3,3,2,3,2,5,1,3,5,4,3,2,1,3,1,3,3,2,3,2,2,2,1,1,3,10,12,12,4,6,6,34
10104,2,3,1,4,3,5,2,1,1,1,2,5,5,3,2,4,2,5,2,3,3,1,2,4,2,2,2,1,2,17,8,8,7,3,4,33
10108,1,2,1,4,3,5,2,1,1,2,3,5,3,3,3,4,2,3,2,3,3,3,2,3,3,2,1,1,2,16,9,10,6,2,5,35
10109,5,3,3,4,3,3,3,3,1,1,1,5,2,2,2,1,1,1,2,2,1,2,1,2,2,1,1,1,5,12,8,9,5,3,5,29
10111,5,1,3,5,3,3,4,4,3,5,4,3,4,4,3,1,4,1,5,5,3,2,2,2,4,2,1,3,3,11,6,17,4,2,9,34
10113,5,1,5,2,1,1,5,5,1,1,5,4,2,2,2,4,2,1,2,1,1,2,3,1,2,1,3,1,4,17,10,6,7,5,3,33
10114,2,5,3,5,3,5,2,3,1,5,1,4,4,2,2,4,2,1,2,3,3,4,2,2,2,1,1,1,2,19,6,6,8,2,3,31
10115,2,1,3,5,3,4,3,2,1,5,1,2,5,4,4,1,3,3,3,5,3,2,3,2,4,2,3,1,3,13,7,13,5,3,7,33
10117,2,1,2,4,3,5,2,2,3,5,3,4,4,2,4,4,3,3,2,4,3,3,2,3,4,2,2,1,3,17,4,12,7,1,6,33
10118,5,1,3,5,3,5,4,2,1,1,5,4,4,2,3,3,2,4,2,3,1,1,2,1,2,3,5,1,2,18,7,10,7,3,5,35
10119,2,4,3,4,3,4,3,3,2,3,1,2,2,3,2,3,2,3,2,3,1,2,2,4,3,2,2,4,1,16,13,12,6,6,6,41
10121,2,4,3,4,3,5,3,3,1,5,1,3,5,2,3,4,2,1,2,3,1,1,3,3,4,2,2,3,3,13,4,9,5,1,5,26
10123,2,4,3,4,3,4,3,3,2,4,3,3,5,2,3,4,2,2,2,3,3,1,3,4,4,2,1,3,3,13,8,11,5,3,6,32
10125,2,4,5,4,3,5,3,3,2,5,5,5,4,2,2,4,2,1,2,3,1,1,3,4,3,2,1,3,4,11,3,8,4,1,4,22
10126,3,4,2,3,3,1,2,3,2,5,3,3,5,4,3,3,2,2,5,3,3,2,3,3,1,2,1,3,4,10,7,11,4,3,6,28
10128,5,4,3,4,3,4,3,4,2,2,5,3,3,4,2,3,2,4,2,3,3,2,2,4,3,3,2,1,2,14,10,10,6,5,5,34
10129,3,1,2,4,3,1,2,2,1,2,3,4,5,3,2,5,4,3,2,1,1,1,2,1,2,2,1,3,1,16,10,3,6,5,2,29
10131,2,1,5,5,3,5,3,1,1,5,3,4,4,3,2,2,4,1,2,3,1,3,3,2,3,3,5,3,4,10,10,14,4,5,7,34
10134,3,1,3,5,3,5,3,3,1,4,1,2,4,2,3,3,4,3,5,3,2,2,2,3,4,2,1,6,2,16,15,9,6,8,5,40
10135,2,1,5,4,3,5,3,4,2,5,3,4,4,3,3,3,2,1,2,3,1,1,2,2,4,2,1,2,3,12,8,10,5,3,5,30
10136,2,1,2,4,1,5,3,1,2,5,1,4,4,3,3,5,5,3,5,3,3,2,2,2,3,4,1,2,2,14,10,11,6,5,6,35
10137,2,1,5,4,3,5,3,1,1,5,3,4,5,1,3,4,5,5,2,3,1,2,2,2,4,2,1,2,3,15,11,12,6,5,6,38
20001,3,3,3,3,3,3,3,2,2,3,1,4,3,3,2,4,1,2,2,3,3,3,2,2,2,2,2,1,2,14,11,11,6,5,6,36
20003,2,3,3,4,3,4,3,2,2,3,3,2,3,3,2,4,1,1,2,3,3,3,2,2,2,2,2,1,2,15,12,7,6,6,4,34
20004,2,2,3,3,3,3,4,2,1,2,2,2,3,3,2,4,1,1,2,3,3,3,2,2,2,2,5,1,2,15,5,13,6,1,7,33
20006,3,1,1,4,3,4,3,3,1,2,1,4,3,3,2,4,1,2,2,2,1,2,2,2,2,2,5,1,2,14,12,13,6,6,7,39
20007,2,3,3,3,3,3,4,3,1,1,1,2,2,3,2,4,2,1,2,2,1,2,2,2,1,1,5,1,1,13,10,9,5,5,5,32
20008,2,1,1,3,3,3,4,3,1,2,1,2,3,3,2,4,1,1,1,2,1,2,2,2,2,2,5,1,1,15,12,10,6,6,5,37
20009,2,3,3,4,3,2,4,2,2,3,1,2,2,3,2,4,2,1,1,2,3,3,2,2,2,2,5,1,2,12,11,11,5,5,6,34
20010,2,3,3,3,3,3,4,2,2,3,1,2,3,3,2,4,1,1,2,3,1,1,2,2,2,1,5,1,2,15,13,15,6,6,8,43
20011,2,1,3,3,3,3,4,2,2,5,3,3,4,3,3,2,1,3,2,3,3,3,3,4,4,2,3,1,3,11,10,15,4,5,8,36
20012,3,1,2,2,1,1,2,3,2,4,4,4,4,4,4,2,3,1,3,3,2,3,4,4,3,2,3,3,4,10,19,13,4,10,7,42
20013,2,1,1,3,3,3,2,2,1,5,3,5,5,3,3,1,1,3,3,5,3,2,4,3,2,2,3,1,3,13,8,15,5,3,8,36
20014,2,2,4,2,3,3,2,4,1,5,1,4,4,3,3,4,3,4,2,5,1,1,2,4,3,2,3,3,3,14,6,9,6,2,5,29
20015,2,1,5,4,3,3,3,2,1,5,1,2,3,3,2,4,2,1,2,3,1,2,2,2,3,3,1,1,2,17,7,12,7,3,6,36
20016,2,4,3,4,3,5,3,1,1,5,5,4,2,4,2,4,5,1,2,3,1,1,3,1,2,2,1,3,2,11,12,14,4,6,7,37
20017,2,1,3,3,4,3,2,2,2,5,1,3,4,3,4,3,3,3,2,3,3,3,3,5,4,2,3,4,4,14,11,13,6,5,7,38
20019,2,4,3,5,3,5,3,1,1,5,3,2,2,3,3,4,2,4,1,3,3,1,3,2,3,3,1,1,2,16,7,13,6,3,7,36
20021,3,4,2,4,3,2,2,2,3,4,1,1,3,2,2,3,2,2,5,3,3,2,3,1,3,2,2,1,5,12,8,15,5,3,8,35
20022,2,4,2,3,3,3,3,2,2,4,3,5,4,2,4,4,4,3,5,3,3,2,3,2,3,2,1,1,3,13,8,13,5,3,7,34
20023,2,4,2,4,3,4,3,2,1,2,1,4,2,3,3,4,1,1,2,2,1,4,1,1,2,2,1,4,2,15,7,15,6,3,8,37
20024,2,4,2,4,3,4,2,2,1,5,3,5,5,4,3,3,1,1,2,5,1,1,3,4,2,2,1,1,3,14,8,15,6,3,8,37
20025,2,4,2,4,3,4,4,3,2,4,5,5,3,2,4,1,2,1,2,3,1,4,1,2,2,2,1,1,2,15,9,15,6,2,8,39
20026,1,4,3,2,2,1,3,3,3,4,2,2,4,2,4,3,1,1,3,2,2,5,3,3,3,2,3,1,3,10,11,11,4,5,6,32
20028,3,4,1,4,3,3,2,2,1,3,1,2,2,4,3,3,2,4,5,3,3,3,2,2,3,2,3,1,2,11,15,16,4,8,8,42
20029,2,4,4,4,4,5,3,2,5,5,3,5,5,1,4,4,2,5,2,5,2,1,2,1,4,2,1,3,5,12,8,15,5,3,8,35
20032,2,1,5,4,3,5,2,1,1,5,4,4,4,3,3,3,5,2,2,3,1,1,2,3,4,5,2,6,3,18,5,8,7,1,4,31
20034,2,1,1,3,3,4,2,1,2,5,3,4,4,4,3,4,2,1,2,5,1,2,4,4,3,1,2,1,5,16,8,7,6,3,4,31
20036,1,1,2,3,3,2,3,3,2,3,1,4,4,2,2,2,1,4,2,3,3,1,2,3,2,4,1,1,2,16,9,15,6,2,8,40
20037,2,1,2,4,3,5,3,1,1,5,4,5,5,3,3,4,2,1,2,3,1,1,2,2,3,2,2,1,2,18,9,14,7,2,7,41
20039,5,3,3,4,3,3,4,3,2,4,1,5,4,4,3,4,2,2,3,5,3,2,2,3,3,2,1,1,4,14,10,11,6,5,6,35
20042,2,1,1,3,3,2,4,1,1,4,3,5,5,2,2,4,2,5,2,4,1,1,5,4,1,1,3,1,1,19,18,11,8,10,6,48
20043,1,3,2,5,3,5,4,2,2,4,2,5,5,5,2,3,4,2,5,3,3,1,2,3,4,2,1,3,2,15,11,12,6,5,6,38
20044,5,6,5,5,3,5,4,3,1,1,5,1,5,4,2,4,2,3,2,3,2,5,2,4,3,1,1,3,3,18,8,14,7,3,7,40
20045,5,1,2,4,3,4,4,2,2,2,5,4,4,3,3,2,1,1,2,3,3,5,2,3,4,2,1,1,3,14,6,13,6,2,7,33
20046,3,2,2,3,3,2,4,3,3,2,2,5,2,2,2,3,2,1,1,1,2,2,2,3,3,3,3,3,3,12,9,13,5,2,7,34
20048,3,3,4,4,4,3,3,3,3,2,2,5,2,3,1,2,2,3,3,2,2,3,3,2,2,3,3,2,2,12,8,16,5,3,8,36
20049,3,2,3,3,3,2,3,3,3,2,2,2,2,2,2,3,2,2,2,3,3,3,2,2,2,3,3,2,2,7,7,12,2,3,6,26
20050,3,2,2,2,2,1,3,3,3,2,3,2,2,3,2,3,4,4,3,4,4,3,3,2,2,2,3,3,2,15,11,15,6,5,8,41
20051,2,4,4,4,3,2,3,3,3,2,2,5,3,2,2,3,2,2,2,2,5,3,3,2,2,3,2,4,3,11,9,11,4,2,6,31
20052,3,2,2,3,3,3,3,2,2,4,3,2,2,2,2,3,3,2,3,3,2,2,3,3,3,2,3,2,3,13,10,13,5,5,7,36
20053,3,4,5,3,3,2,4,3,2,3,1,4,4,3,3,3,3,1,2,2,2,1,2,2,2,2,2,1,3,15,5,13,6,1,7,33
20054,2,4,5,4,3,5,3,2,1,5,1,4,4,3,3,3,3,1,3,3,1,2,2,3,3,2,1,3,3,13,12,13,5,6,7,38
20056,3,2,2,2,3,2,3,3,1,5,1,1,3,5,1,5,5,4,2,1,3,1,1,2,1,3,5,6,2,21,9,8,9,2,4,38
20057,3,2,3,3,3,3,3,4,3,4,4,4,4,3,3,5,1,5,2,3,2,2,2,2,3,2,3,1,3,19,2,13,8,1,7,34
20059,2,2,2,4,3,5,4,3,2,4,4,5,5,4,3,4,2,1,2,5,2,2,3,1,3,4,3,1,4,21,9,7,9,2,4,37
20060,2,2,5,4,3,5,3,3,1,5,2,2,4,2,1,5,3,5,2,3,3,1,2,4,3,1,5,3,1,19,4,6,8,1,3,29
20061,3,2,4,2,2,1,4,4,1,4,4,5,4,4,2,4,2,1,2,2,3,1,2,3,2,2,5,1,1,17,6,7,7,2,4,30
20065,2,2,4,3,3,2,3,2,1,5,3,5,5,2,3,4,2,3,5,3,3,2,3,3,3,2,5,1,2,17,7,10,7,3,5,34
20067,2,2,5,5,1,5,3,1,1,3,2,1,1,3,1,5,5,5,2,3,3,3,2,2,3,3,5,6,2,13,10,12,5,5,6,35
20069,3,2,3,3,3,1,3,4,3,4,4,3,3,3,3,1,1,4,2,5,3,2,3,2,4,2,3,1,3,18,8,12,7,3,6,38
20070,2,4,2,4,3,5,3,3,3,5,1,5,5,1,3,5,3,2,2,3,1,2,3,2,3,3,2,1,3,13,2,12,5,1,6,27
20071,2,4,4,4,3,5,3,2,2,5,3,5,5,3,3,4,1,3,2,3,1,2,2,2,3,2,1,1,2,15,12,9,6,6,5,36
20072,2,4,1,4,3,5,3,2,2,4,3,5,5,3,3,4,1,3,2,3,1,2,2,3,3,2,1,1,2,15,8,10,6,3,5,33
20073,3,4,4,4,3,3,2,3,3,5,3,5,4,2,3,4,5,2,2,3,3,2,1,4,3,2,1,3,3,10,8,14,4,3,7,32
20074,3,4,3,4,3,5,3,2,2,4,3,3,5,3,2,3,2,3,5,3,3,2,2,3,3,2,3,1,2,12,9,13,5,2,7,34
20078,3,4,2,4,3,5,2,3,3,4,3,5,4,4,4,4,3,3,5,5,3,2,2,3,3,2,3,3,3,11,10,9,4,5,5,30
20079,3,4,2,4,3,5,2,3,3,4,3,5,4,4,4,4,3,3,5,5,3,2,2,3,3,2,3,3,3,11,10,9,4,5,5,30
20080,2,1,1,4,3,5,3,2,1,4,1,5,4,2,3,3,4,1,2,2,1,1,3,2,3,2,2,4,3,16,4,9,6,1,5,29
20081,2,1,1,4,3,5,2,2,1,5,5,5,5,3,4,4,2,1,2,3,1,1,2,1,4,2,3,3,2,11,6,12,4,2,6,29
20087,3,1,3,3,3,1,3,2,1,5,1,2,2,3,1,4,1,4,2,3,3,5,2,2,2,2,4,1,1,15,12,14,6,6,7,41
20088,3,1,2,4,3,2,2,3,2,4,1,2,2,3,2,3,1,1,2,3,3,2,3,1,1,3,1,1,2,18,7,9,7,3,5,34
20089,3,1,2,4,3,1,1,2,1,2,4,4,4,2,4,3,2,4,3,4,3,2,4,5,4,2,1,3,4,21,6,18,9,2,9,45
30001,2,2,2,3,3,2,2,1,3,3,3,5,2,2,2,3,3,3,2,3,3,3,3,3,3,3,3,5,3,10,10,15,4,5,8,35
30002,2,4,4,3,3,3,3,3,3,3,3,5,3,3,5,3,3,3,3,3,3,3,3,3,3,3,3,2,3,13,10,13,5,5,7,36
30003,2,1,2,2,3,3,4,1,3,3,3,5,3,1,2,3,3,3,3,3,3,3,3,3,3,3,3,2,3,13,11,13,5,5,7,37
30004,2,1,3,3,3,3,3,4,3,3,3,5,3,2,2,3,3,3,3,3,3,3,3,3,3,3,3,2,3,13,10,13,5,5,7,36
30005,2,4,4,4,3,4,4,1,3,3,3,5,2,2,2,3,3,3,3,3,3,2,3,3,3,3,3,2,3,13,10,13,5,5,7,36
30006,2,1,3,3,3,3,4,1,3,3,3,5,2,2,2,3,3,3,3,3,3,3,3,3,3,3,3,2,3,13,10,13,5,5,7,36
30007,2,2,2,2,3,2,5,1,3,3,3,5,2,2,2,3,2,3,3,3,3,3,3,3,3,3,3,2,3,13,10,13,5,5,7,36
30008,3,3,2,3,3,2,5,2,1,4,3,2,5,4,3,1,1,1,2,3,1,1,3,3,3,2,4,3,3,18,8,10,7,3,5,36
30009,2,1,3,2,3,1,5,1,2,3,4,3,5,4,3,3,2,1,3,3,1,2,3,2,3,2,4,3,3,16,3,6,6,1,3,25
30010,2,2,2,2,3,2,4,2,3,4,3,5,2,3,2,3,2,3,3,3,3,2,3,3,3,2,3,2,3,13,9,12,5,2,6,34
30011,2,4,1,3,3,2,5,2,3,3,3,2,2,3,2,2,3,3,3,2,2,3,3,2,3,2,3,2,2,14,9,13,6,2,7,36
30012,2,2,2,3,3,3,3,3,3,3,3,3,3,2,2,2,3,2,3,2,3,2,3,2,3,4,4,2,3,12,11,13,5,5,7,36
30014,2,1,3,3,3,3,3,3,3,3,3,5,2,2,1,2,2,2,1,2,2,2,2,1,2,2,2,2,3,13,10,13,5,5,7,36
30015,2,2,2,2,2,2,5,2,3,3,3,2,2,2,2,2,2,3,3,2,3,3,3,3,3,3,3,2,3,13,10,13,5,5,7,36
30016,2,2,3,3,3,3,4,4,3,3,3,2,2,2,2,3,3,3,3,3,3,3,3,3,3,3,3,2,3,13,10,13,5,5,7,36
30017,2,4,4,3,3,4,4,3,4,3,3,2,3,3,2,3,3,3,3,3,3,3,3,3,3,3,3,5,3,13,10,13,5,5,7,36
30018,2,2,2,2,2,2,2,2,2,2,2,2,2,2,2,2,2,2,2,2,3,3,2,3,3,3,3,2,3,13,10,13,5,5,7,36
30019,2,2,2,3,3,3,4,2,3,3,3,2,2,2,2,3,3,3,3,3,3,3,3,3,3,3,2,3,3,13,10,13,5,5,7,36
30020,2,1,2,3,3,3,1,1,1,3,4,5,4,4,1,2,1,2,5,1,1,2,1,3,2,4,5,2,2,16,12,13,6,6,7,41
30021,3,1,2,4,3,3,5,3,3,5,4,4,5,2,4,3,1,1,2,3,3,3,3,2,3,2,3,3,5,14,4,12,6,1,6,30
30022,2,2,2,3,3,2,5,1,1,5,4,4,5,3,4,1,1,1,2,3,1,1,2,1,1,1,1,2,2,11,11,13,4,5,7,35
30024,3,1,2,2,1,1,5,3,1,3,3,2,5,3,4,1,3,1,2,3,1,2,3,2,1,4,3,2,2,13,10,14,5,5,7,37
30025,1,2,2,4,3,5,5,2,1,1,1,4,5,5,3,5,5,5,1,3,1,1,1,3,3,2,5,6,2,13,10,13,5,5,7,36
30026,2,2,2,5,3,5,4,2,1,1,1,5,5,5,3,5,5,5,3,3,1,1,2,1,1,2,5,6,2,14,10,13,6,5,7,37
30027,3,2,2,3,3,3,5,1,1,1,1,4,5,4,3,5,5,5,2,3,1,1,1,1,1,1,5,6,2,12,7,14,5,3,7,33
30028,2,3,5,4,3,5,5,2,1,5,5,3,4,4,3,4,1,5,1,3,1,5,1,5,3,2,5,6,2,19,7,6,8,3,3,32
30030,2,1,3,3,3,4,2,1,1,1,4,4,3,2,1,2,3,2,2,3,3,3,3,3,3,1,3,1,3,13,9,16,5,2,8,38
30031,2,3,3,4,3,4,4,2,1,1,1,4,4,2,2,2,3,3,3,1,3,2,3,3,2,2,2,3,2,15,8,14,6,3,7,37
30033,2,3,3,4,3,4,4,1,1,1,3,5,5,2,5,4,4,3,4,4,4,2,3,2,4,2,1,3,4,13,10,13,5,5,7,36
30034,2,3,3,3,3,2,5,2,1,1,1,2,4,4,3,2,3,2,2,2,2,3,2,3,3,2,1,2,2,13,11,10,5,5,5,34
30035,2,2,2,4,3,5,4,2,1,5,5,5,5,4,3,1,5,2,2,3,1,5,2,3,3,1,4,1,3,15,6,12,6,2,6,33
30036,2,2,4,4,3,5,3,1,1,5,2,5,5,2,2,1,1,1,2,3,3,1,2,4,4,2,5,1,5,17,9,9,7,2,5,35
30037,2,3,3,4,3,5,5,2,2,4,2,4,4,4,4,1,1,1,2,3,1,1,2,2,3,1,5,1,2,16,8,7,6,3,4,31
30038,3,3,5,2,3,1,5,1,1,1,2,2,5,2,5,1,1,4,2,4,3,3,3,3,2,2,3,2,2,11,10,11,4,5,6,32
30041,2,3,3,5,3,5,2,2,1,1,3,3,4,2,3,4,2,4,5,3,3,1,3,1,4,4,1,5,3,15,7,14,6,3,7,36
30043,3,3,3,2,3,2,5,2,1,1,4,2,5,2,1,1,4,2,4,4,3,1,4,4,4,2,1,3,4,12,10,14,5,5,7,36
30045,1,1,3,4,3,5,5,3,1,5,1,5,4,4,2,2,1,1,2,2,1,1,2,4,4,2,3,3,2,19,6,6,8,2,3,31
30046,2,1,2,4,3,5,5,2,1,5,1,3,4,3,2,3,2,4,2,3,1,1,2,3,2,2,3,1,3,14,10,15,6,5,8,39
30048,2,3,5,4,3,4,4,1,1,5,1,3,4,3,3,1,3,1,3,3,2,1,3,2,3,3,3,4,3,15,12,16,6,6,8,43
30049,2,1,2,4,3,5,4,3,1,5,2,1,4,2,4,2,3,1,3,3,3,1,2,2,3,2,4,3,5,12,8,11,5,3,6,31
30050,2,1,2,5,3,5,4,2,1,4,4,5,5,2,4,2,1,3,2,4,1,4,3,1,2,1,4,3,2,11,11,13,4,5,7,35
30051,2,3,4,4,3,5,4,1,2,5,3,5,5,2,3,4,1,1,2,5,2,1,4,1,4,1,3,3,5,14,10,6,6,5,3,30
30052,3,3,2,3,3,1,5,3,1,5,1,4,3,3,4,4,3,4,3,3,2,1,3,3,3,2,3,3,2,15,10,11,6,5,6,36
30053,2,1,2,4,3,5,5,1,1,2,5,5,5,4,4,2,5,1,2,5,1,1,1,1,1,2,3,5,2,13,10,11,5,5,6,34
30054,3,1,3,2,1,1,5,3,1,5,1,5,5,3,3,4,2,1,2,3,1,3,3,3,2,1,2,1,3,10,10,14,4,5,7,34
30055,2,1,2,4,3,5,5,2,2,5,5,3,5,4,4,1,2,4,3,5,1,1,3,2,4,2,4,3,3,12,9,11,5,2,6,32
30056,2,1,2,2,2,2,5,1,1,5,1,2,4,4,2,1,1,3,2,3,3,1,2,3,3,2,1,1,2,17,8,12,7,3,6,37
30057,2,1,5,2,2,1,5,3,2,5,2,4,4,4,4,1,2,4,3,3,1,1,3,2,2,2,5,3,3,13,9,11,5,2,6,33
30058,2,1,3,4,3,5,5,2,1,5,1,4,2,3,3,4,2,3,2,3,1,4,2,2,2,3,3,1,2,12,13,12,5,6,6,37
30059,2,3,3,3,3,2,5,2,2,5,1,5,5,3,3,1,3,2,2,3,2,4,3,2,3,2,4,1,4,11,13,13,4,6,7,37
30060,2,1,4,3,3,2,5,1,1,1,3,4,4,3,4,3,1,1,3,3,3,1,1,1,2,2,1,1,3,20,5,8,8,1,4,33
30061,2,2,2,4,3,4,5,1,1,5,1,3,5,3,3,1,1,4,2,2,2,1,1,1,3,2,4,1,2,17,5,8,7,1,4,30
30062,2,1,2,3,3,2,5,2,1,1,2,3,2,2,4,4,1,1,2,3,1,2,1,3,2,1,3,2,3,15,10,12,6,5,6,37
30063,2,3,2,2,3,1,5,2,1,4,3,2,5,3,4,4,1,4,4,3,1,1,3,4,3,2,4,1,5,15,8,10,6,3,5,33
30064,2,1,2,3,3,2,5,2,2,1,1,2,1,2,2,1,1,5,2,2,1,1,2,2,2,2,4,2,1,12,9,14,5,2,7,35
30065,2,1,2,4,3,4,5,2,4,5,1,5,4,4,4,3,2,1,3,5,3,2,1,1,2,2,1,1,1,12,13,12,5,6,6,37
30066,1,1,1,3,3,3,5,3,1,5,3,3,1,2,4,4,2,1,2,2,1,1,2,2,3,3,3,2,2,13,12,10,5,6,5,35
30067,2,1,2,4,3,5,5,2,2,5,1,1,1,1,1,1,1,1,1,1,1,1,1,1,1,2,2,1,1,13,9,12,5,2,6,34
30068,1,1,3,3,3,3,5,3,1,5,4,3,2,2,1,1,2,2,2,1,2,1,1,1,1,2,1,1,1,17,12,11,7,6,6,40
30069,2,2,4,4,3,4,5,3,2,5,3,3,3,4,4,4,2,1,2,3,2,1,2,1,2,2,3,1,2,12,7,11,5,3,6,30
30070,3,1,3,2,2,1,5,3,1,1,1,1,1,1,1,1,1,1,1,1,1,1,1,1,1,1,1,1,1,12,8,15,5,3,8,35
30071,2,4,2,4,3,5,5,3,1,1,1,3,4,2,1,1,1,1,1,2,2,1,1,2,3,1,1,1,2,14,0,9,6,1,5,23
30072,2,3,1,4,3,5,4,2,2,5,2,4,2,3,2,4,5,2,2,2,1,2,2,2,1,2,3,1,2,17,12,10,7,6,5,39
30075,3,1,3,2,1,1,5,3,1,3,5,4,5,3,3,1,2,1,2,3,3,2,3,1,2,2,2,1,2,14,9,11,6,2,6,34
30076,3,4,3,2,2,1,4,3,2,4,1,2,4,3,3,4,3,2,2,3,3,2,3,2,3,1,2,1,2,16,13,11,6,6,6,40
30077,1,1,1,3,3,3,5,3,2,5,4,3,1,1,1,2,2,2,3,3,3,1,1,1,3,3,3,1,1,12,10,14,5,5,7,36
30079,2,1,4,3,3,3,5,2,1,1,3,4,5,3,4,1,3,4,5,3,1,1,2,1,2,2,2,3,2,16,8,16,6,3,8,40
30080,3,3,2,2,2,1,5,3,2,4,3,4,4,2,2,2,2,2,2,1,1,2,2,1,2,3,2,1,2,14,5,13,6,1,7,32
30081,3,2,2,2,2,1,5,3,2,4,3,4,4,2,2,2,2,2,2,2,1,1,2,1,2,3,2,1,2,14,5,13,6,1,7,32
30084,1,1,2,4,3,5,4,2,2,4,5,2,4,4,2,4,1,1,2,3,1,1,3,3,3,1,2,3,3,11,4,6,4,1,3,21
30090,1,1,4,4,3,4,4,2,2,5,3,5,5,4,3,3,2,3,3,4,1,2,4,1,2,2,4,4,3,14,12,14,6,6,7,40
30091,3,1,3,3,3,2,5,3,2,5,5,5,5,4,3,3,2,3,2,3,1,2,2,1,2,2,4,4,3,12,11,16,5,5,8,39
30092,1,1,2,4,3,4,4,2,1,5,3,5,4,4,3,4,2,3,2,4,1,2,2,1,1,2,4,2,3,15,11,14,6,5,7,40
30095,1,1,2,2,1,1,5,3,1,5,2,2,3,3,2,4,1,1,2,3,1,1,3,2,2,2,3,1,2,14,4,12,6,1,6,30
30096,2,1,3,3,3,3,5,2,1,4,1,3,4,3,2,2,1,1,2,2,1,1,2,2,2,2,3,1,2,16,10,11,6,5,6,37
30098,2,1,3,3,3,2,5,2,1,4,1,3,4,3,3,1,2,1,1,2,1,1,2,2,2,2,3,1,2,20,2,11,8,1,6,33
30099,2,1,4,4,3,2,5,2,1,4,2,3,4,3,2,1,2,1,2,2,1,1,2,2,2,2,4,1,2,15,10,9,6,5,5,34
30100,2,1,3,2,3,2,5,2,1,4,2,3,4,3,3,1,1,1,1,3,1,1,1,2,2,3,4,4,3,18,9,17,7,2,9,44
30101,2,1,2,3,3,3,5,2,1,5,1,3,3,3,3,1,1,1,2,2,1,1,2,2,2,2,4,1,2,13,6,7,5,2,4,26
30102,2,1,2,3,3,3,5,2,1,5,1,3,4,3,3,1,1,1,2,2,1,1,2,2,2,2,3,1,2,21,9,9,9,2,5,39
30103,2,1,2,2,3,1,5,3,1,5,1,3,4,3,3,1,1,1,2,2,1,1,2,2,3,1,3,1,2,19,7,8,8,3,4,34
30105,2,1,3,4,3,4,4,2,2,5,1,4,4,4,3,3,3,3,3,3,3,1,3,2,2,2,4,3,3,18,8,17,7,3,9,43
30106,1,1,2,3,3,3,4,3,2,5,1,5,4,4,3,3,2,1,3,3,3,1,3,2,3,2,4,3,2,14,12,11,6,6,6,37
30107,2,1,2,4,3,5,4,2,1,5,2,1,4,4,4,3,2,4,3,3,1,1,3,2,2,3,4,1,2,17,10,15,7,5,8,42
30108,2,1,3,3,3,3,5,3,2,5,2,4,5,5,3,3,2,1,3,3,2,1,3,2,2,2,4,1,2,18,3,12,7,1,6,33
30109,1,1,2,3,3,2,5,2,1,5,2,4,5,4,4,1,2,4,2,3,2,1,2,1,1,2,4,1,2,18,13,11,7,6,6,42
30110,1,1,2,4,3,5,5,1,1,5,1,4,5,4,2,1,3,4,2,3,1,1,3,3,2,3,4,1,5,19,1,8,8,1,4,28
30111,2,4,2,3,3,2,5,2,2,1,2,1,4,1,4,1,2,3,2,2,2,2,2,2,2,2,4,2,5,20,13,9,8,6,5,42
30112,1,1,2,4,3,5,5,2,1,5,2,4,4,4,3,1,2,4,2,3,1,1,2,2,2,1,4,1,2,20,4,11,8,1,6,35
40002,2,1,2,4,3,5,3,2,1,5,4,5,5,3,3,4,1,3,2,3,1,2,2,3,3,3,1,3,2,15,7,7,6,3,4,29
40003,3,1,2,3,3,2,3,2,1,5,3,4,4,4,3,4,1,3,2,5,1,1,3,2,2,2,2,1,1,12,13,14,5,6,7,39
40004,2,1,1,3,3,3,3,2,1,4,3,5,5,3,4,3,2,3,3,3,1,1,3,2,3,4,1,3,4,18,8,11,7,3,6,37
40006,2,1,5,3,3,3,4,2,1,5,1,2,2,3,1,4,3,2,2,3,3,2,3,2,2,2,1,2,1,12,7,12,5,3,6,31
40009,3,1,2,2,3,1,3,4,1,5,5,5,4,2,3,4,2,3,2,3,3,5,2,1,3,2,3,1,3,9,12,17,3,6,9,38
40010,2,1,1,4,3,5,2,3,1,5,3,5,4,2,3,4,3,4,2,5,3,2,2,4,3,2,1,1,1,16,10,9,6,5,5,35
40011,3,1,2,2,1,1,3,5,1,5,3,2,3,3,4,4,2,1,5,2,3,2,2,3,3,2,1,1,2,14,11,9,6,5,5,34
40013,2,1,2,3,3,3,2,2,1,5,4,5,4,3,4,4,2,3,2,5,3,2,2,2,2,2,1,1,3,17,14,10,7,7,5,41
40015,3,1,5,4,3,2,2,1,1,5,2,1,2,1,1,3,3,1,1,3,3,1,5,1,3,3,1,1,3,17,7,4,7,3,2,28
40018,2,1,3,4,3,4,2,2,1,5,3,5,4,2,3,4,1,4,2,1,3,2,2,4,3,2,1,1,1,13,10,10,5,5,5,33
40019,2,1,1,2,3,2,3,1,1,3,3,4,4,3,3,4,2,3,2,3,1,1,2,1,2,2,1,1,2,13,11,11,5,5,6,35
40020,2,1,2,5,3,5,2,2,1,5,3,4,2,2,2,4,1,3,2,3,3,2,2,2,3,2,3,1,2,13,13,16,5,6,8,42
40021,2,1,2,4,3,4,3,2,1,5,3,4,2,2,2,4,1,3,2,3,3,2,2,2,3,2,3,1,2,13,10,14,5,5,7,37
40024,3,1,1,2,3,2,2,2,2,2,4,5,4,3,2,3,1,1,1,3,3,2,2,1,3,2,2,3,2,12,7,11,5,3,6,30
40026,3,1,3,4,3,1,3,3,2,2,3,5,5,3,2,4,1,1,2,5,1,2,2,4,3,3,3,3,2,16,12,14,6,6,7,42
40027,3,1,5,4,3,1,2,4,3,5,5,4,5,4,2,3,1,1,2,5,3,2,2,3,3,2,2,1,3,12,8,9,5,3,5,29
40028,3,1,4,1,1,1,3,5,1,5,4,4,3,3,3,4,2,1,5,2,3,3,3,3,2,2,1,3,2,14,11,11,6,5,6,36
40029,3,1,2,2,3,2,1,5,1,2,4,4,5,5,5,4,5,1,2,5,3,1,2,2,1,1,5,1,2,14,12,15,6,6,8,41
40031,2,1,4,2,1,2,3,4,3,4,1,4,3,3,3,4,3,4,5,2,1,3,2,2,3,2,1,1,1,11,10,11,4,5,6,32
40032,2,1,2,2,1,1,2,2,2,5,3,4,4,5,3,2,4,1,2,3,3,2,3,5,2,2,1,1,2,15,12,14,6,6,7,41
40035,2,1,2,4,3,5,2,2,1,5,3,4,4,4,2,4,1,4,2,5,1,2,3,2,2,3,1,1,1,10,11,11,4,5,6,32
40039,3,1,1,3,3,1,2,3,1,5,1,1,1,3,1,3,1,3,2,3,3,2,1,1,1,2,1,1,1,11,16,9,4,8,5,36
40040,3,1,2,4,3,5,2,1,1,5,2,1,2,3,1,4,1,5,1,3,3,1,1,1,1,3,1,3,1,12,12,11,5,6,6,35
40041,3,1,2,5,3,2,2,4,1,5,1,5,5,3,2,3,1,1,2,3,1,2,2,1,3,2,1,1,2,15,11,14,6,5,7,40
40042,2,1,2,4,3,5,3,1,2,5,1,5,5,2,4,4,1,3,2,5,1,1,1,1,4,2,2,3,3,19,10,7,8,5,4,36
40045,3,1,1,4,3,2,2,2,1,5,2,5,4,2,3,2,1,3,5,3,1,2,2,4,2,2,1,1,3,14,12,8,6,6,4,34
40047,3,3,2,3,3,4,2,2,2,1,2,5,1,3,2,3,2,2,3,3,2,2,1,1,1,2,3,2,3,15,12,15,6,6,8,42
40052,2,1,4,2,1,2,2,4,1,5,1,2,5,2,2,4,5,1,1,3,1,2,1,1,1,1,1,3,2,15,8,8,6,3,4,31
40059,2,1,3,5,3,5,2,1,1,3,2,2,4,3,2,4,3,3,2,3,3,2,2,3,3,3,1,3,3,15,10,13,6,5,7,38
40064,3,1,2,5,3,1,2,4,1,2,4,5,4,4,3,2,1,1,2,4,3,2,3,2,3,2,1,1,2,15,3,8,6,1,4,26
40065,2,1,2,4,3,3,2,1,1,1,3,5,5,3,3,5,2,1,2,5,1,3,4,1,5,2,4,3,3,11,9,8,4,2,4,28
40067,2,1,2,4,3,5,3,3,1,5,5,4,5,4,3,4,1,3,3,5,3,2,2,2,3,2,1,1,2,12,10,6,5,5,3,28
40068,3,1,5,4,3,1,2,4,1,2,5,3,5,3,3,5,5,5,2,3,1,1,2,2,3,2,5,1,2,17,10,5,7,5,3,32
40070,3,1,2,4,3,1,3,2,1,2,1,1,4,3,2,4,2,1,1,2,1,1,2,3,2,1,1,1,1,22,8,6,9,3,3,36
40071,3,1,2,2,1,1,3,2,2,3,3,2,4,2,4,5,5,1,4,3,1,1,2,2,2,2,3,3,2,14,11,10,6,5,5,35
40072,2,1,3,5,3,5,2,2,1,5,5,5,2,2,4,4,3,1,2,3,1,2,1,2,3,2,1,1,2,7,9,11,2,2,6,27
40075,3,1,2,4,3,1,2,1,1,4,1,5,4,2,3,4,2,5,2,4,3,5,3,2,3,2,1,3,2,15,12,17,6,6,9,44
40077,2,1,5,2,2,2,3,3,1,2,1,1,1,3,1,4,1,1,1,3,3,1,1,1,1,2,1,6,1,15,14,6,6,7,3,35
40082,3,1,2,2,3,1,4,3,1,1,3,4,4,3,2,4,3,4,2,2,3,1,2,3,3,3,1,1,2,18,13,15,7,6,8,46
40083,3,1,5,2,3,1,3,4,1,5,4,4,3,3,3,3,1,1,2,3,1,2,2,3,2,2,2,1,2,12,10,8,5,5,4,30
40088,3,1,2,2,3,2,3,2,2,2,4,4,2,3,1,1,1,3,2,2,3,1,2,1,1,2,1,5,2,17,9,10,7,2,5,36
40090,2,2,5,4,3,2,3,1,1,5,1,1,1,2,2,1,1,1,1,4,1,1,2,1,1,2,1,1,2,10,10,11,4,5,6,31
40092,3,2,1,2,3,1,3,3,1,5,4,5,5,4,4,4,3,4,2,3,1,3,2,2,3,4,1,1,2,14,12,11,6,6,6,37
40095,2,2,3,4,3,5,3,1,1,5,1,5,4,3,2,3,1,3,2,5,3,2,3,1,2,2,1,1,2,16,10,13,6,5,7,39
40096,2,2,2,2,3,2,3,1,1,5,3,5,5,1,3,4,2,3,2,3,3,1,3,2,1,2,3,5,1,15,11,9,6,5,5,35
40097,2,2,2,2,1,1,3,3,1,5,1,4,4,2,3,4,5,3,1,3,3,2,3,1,1,3,3,4,3,14,10,15,6,5,8,39
40098,3,1,2,4,3,4,2,3,1,2,1,4,4,3,2,3,2,3,2,3,3,1,2,3,3,4,1,1,2,14,12,15,6,6,8,41
40100,3,1,3,3,3,2,3,3,1,2,4,2,5,3,1,4,2,3,2,3,1,3,2,2,2,3,1,3,1,17,6,11,7,2,6,34
40101,3,1,2,3,1,3,2,5,1,3,3,5,1,3,5,4,3,2,1,1,3,3,4,3,3,2,2,2,3,15,10,14,6,5,7,39
40102,3,1,3,2,1,1,2,4,2,3,4,3,4,3,3,4,2,3,2,3,3,3,3,3,3,3,3,2,3,12,10,15,5,5,8,37
40114,2,1,2,3,3,3,3,2,3,5,5,1,5,2,4,5,5,3,3,5,3,3,1,2,4,2,3,3,1,12,12,15,5,6,8,39
40120,2,1,2,5,3,5,3,1,1,5,1,1,1,4,1,4,2,1,1,1,1,1,1,1,2,3,2,1,1,15,12,14,6,6,7,41
40124,2,1,4,4,3,5,3,1,2,5,3,2,4,2,2,4,2,3,2,2,1,3,2,1,2,2,3,2,2,18,11,11,7,5,6,40
40125,2,1,3,2,3,2,4,3,2,4,1,4,2,4,2,2,4,3,2,3,1,2,2,2,2,3,1,1,2,16,7,9,6,3,5,32
40126,2,1,3,3,4,4,3,3,3,5,1,4,4,4,2,4,1,3,2,3,1,1,2,2,1,2,1,1,2,19,8,9,8,3,5,36
40128,3,4,4,4,3,1,2,4,1,3,4,2,4,3,2,4,1,3,2,3,3,2,3,3,3,2,1,1,2,11,11,14,4,5,7,36
40129,2,1,2,4,3,5,3,1,1,5,3,5,4,3,2,4,1,3,5,3,3,2,2,3,4,2,3,1,1,11,15,14,4,8,7,40
40130,2,1,1,4,3,4,2,3,1,5,1,3,4,3,3,3,4,4,2,2,1,1,3,4,3,4,2,3,2,11,12,11,4,6,6,34
40131,2,1,1,2,3,2,3,1,1,5,3,2,5,2,4,4,3,3,2,3,1,1,1,1,1,1,1,1,1,14,7,6,6,3,3,27
40134,2,1,4,3,3,4,3,3,1,5,1,5,5,3,1,4,1,2,2,2,1,1,1,4,4,4,1,1,1,20,7,8,8,3,4,35
40135,2,1,2,5,3,5,3,3,2,1,1,2,4,2,3,4,2,1,4,4,3,1,3,3,3,4,1,2,3,14,12,12,6,6,6,38
40137,2,1,5,3,3,5,3,1,1,3,3,2,4,4,3,4,1,3,2,4,3,4,1,3,2,1,5,1,1,15,9,10,6,2,5,34
40138,3,1,2,5,1,2,2,1,2,3,4,4,1,2,1,3,1,3,1,2,2,2,3,3,2,2,4,1,2,12,6,15,5,2,8,33
40149,3,1,4,2,1,2,2,4,2,5,4,4,4,3,2,4,1,3,1,3,3,2,3,2,3,4,1,3,2,18,8,14,7,3,7,40
40150,2,1,5,3,3,3,2,5,1,5,1,2,4,3,3,4,1,5,2,3,1,2,3,3,3,3,2,3,4,14,3,9,6,1,5,26
40155,2,1,3,5,3,5,3,2,1,5,3,5,5,2,3,4,2,4,2,5,2,5,2,2,3,1,2,1,2,14,10,8,6,5,4,32
40158,3,4,2,4,3,5,3,4,3,5,5,5,5,4,4,5,5,2,3,5,1,2,2,2,4,2,1,3,3,17,11,9,7,5,5,37
40161,2,4,2,4,3,5,3,2,1,3,3,5,5,3,3,4,2,2,3,4,1,1,2,2,2,2,5,6,2,13,10,12,5,5,6,35
40163,2,1,2,3,3,2,2,2,1,5,3,5,5,4,4,4,2,3,2,5,3,2,2,4,1,2,1,3,3,11,18,16,4,10,8,45
40164,2,1,2,4,3,4,3,1,1,2,2,4,4,3,2,3,1,1,2,5,1,5,2,1,3,3,1,5,2,14,16,14,6,8,7,44
40165,2,1,2,2,3,2,3,1,2,5,4,4,4,4,2,3,2,3,2,2,3,1,2,2,4,2,3,1,2,19,2,9,8,1,5,30
40166,2,1,1,4,3,2,3,1,1,5,5,4,4,4,3,4,2,1,2,3,1,1,1,2,2,2,1,1,3,16,12,12,6,6,6,40
40167,2,1,2,4,3,5,2,2,4,5,3,5,5,2,4,4,2,5,2,5,2,2,2,2,3,2,5,3,2,14,11,13,6,5,7,38
40168,2,1,2,5,5,5,3,3,1,5,1,2,2,4,2,4,2,3,2,3,1,1,2,1,3,2,3,1,2,19,2,15,8,1,8,36
40169,3,1,2,4,3,5,3,4,1,5,5,5,5,3,3,4,2,1,3,5,1,2,5,5,3,1,1,3,2,15,11,11,6,5,6,37
40170,3,1,2,2,3,2,3,1,3,5,4,5,5,3,4,4,2,3,3,5,1,1,2,4,3,2,5,3,3,7,15,12,2,8,6,34
40171,3,1,2,4,3,5,3,3,1,5,5,5,1,4,3,4,2,3,2,3,1,2,2,3,3,2,1,1,2,18,6,7,7,2,4,31
40173,3,1,4,2,1,1,2,4,1,5,4,3,4,2,3,4,5,5,1,3,3,2,2,2,1,2,1,1,1,20,12,7,8,6,4,39
40176,2,1,1,3,3,3,2,1,1,5,3,5,2,3,4,4,2,5,2,3,3,2,2,2,3,2,2,3,2,13,13,10,5,6,5,36
40177,2,1,2,2,1,1,2,4,1,5,5,5,5,3,3,4,5,5,2,5,1,3,2,2,3,2,1,3,2,18,12,12,7,6,6,42
40178,2,1,2,3,3,4,2,1,1,5,4,5,5,3,3,4,2,3,2,5,3,5,4,4,4,2,1,1,1,12,11,12,5,5,6,35
40180,2,1,2,2,1,2,2,1,1,5,3,5,4,2,2,4,3,1,2,3,3,2,3,4,2,2,3,3,3,14,12,9,6,6,5,35
40181,2,1,2,2,3,3,3,1,3,5,4,1,5,5,4,3,3,3,5,3,3,2,2,2,1,2,3,1,3,13,17,15,5,9,8,45
40183,5,1,5,2,3,2,5,4,3,2,2,4,2,2,4,3,3,2,3,3,3,2,3,2,2,3,2,2,3,7,10,17,2,5,9,34
40185,2,1,2,4,1,4,3,1,4,5,3,3,5,4,3,4,3,3,3,1,3,2,4,4,4,2,1,1,5,13,8,10,5,3,5,31
40187,3,1,4,1,1,1,3,4,2,2,4,2,4,3,2,4,2,1,2,2,3,2,3,4,3,2,1,3,3,14,7,15,6,3,8,36
40188,3,1,2,3,3,3,2,1,1,5,1,5,5,5,4,5,2,1,1,3,3,1,1,2,1,2,1,1,2,17,11,10,7,5,5,38
40189,2,1,2,3,3,4,3,1,2,5,4,4,4,3,2,4,3,1,2,3,3,2,2,2,2,1,1,1,2,17,7,11,7,3,6,35
40193,2,1,1,3,3,4,4,3,2,5,3,5,4,4,2,4,2,3,2,2,1,1,2,2,2,2,1,1,1,12,16,13,5,8,7,41
40194,2,1,2,3,3,3,2,1,2,5,3,5,4,2,3,4,2,1,5,5,3,2,3,1,4,2,1,3,3,10,13,17,4,6,9,40
40195,3,1,4,4,3,5,3,1,1,5,3,2,2,3,1,4,2,4,2,3,3,5,2,2,2,3,3,1,2,16,9,13,6,2,7,38
40196,2,1,2,3,3,2,2,2,1,2,3,2,2,3,3,4,1,4,2,2,3,2,2,3,3,2,1,1,1,18,8,13,7,3,7,39
40198,2,1,2,3,3,3,4,1,1,5,2,1,1,3,1,4,2,4,2,2,3,2,1,2,2,4,2,1,2,19,8,9,8,3,5,36
40199,2,1,2,3,3,3,3,1,1,3,1,4,5,3,2,4,2,3,2,3,1,1,3,2,3,2,3,3,3,11,7,9,4,3,5,27
40200,2,1,3,2,1,1,2,3,1,5,4,5,5,3,1,3,2,1,2,5,3,1,3,2,1,2,1,1,2,14,15,8,6,8,4,37
40201,2,1,2,3,4,2,2,2,2,5,4,5,4,4,2,4,2,4,2,3,3,2,2,1,3,2,2,1,3,17,10,13,7,5,7,40
40202,2,2,1,3,4,3,3,1,1,5,3,5,5,2,3,4,2,3,3,3,3,2,3,1,4,2,1,3,2,10,15,16,4,8,8,41
40203,2,1,2,4,3,5,2,1,1,5,3,5,4,3,3,3,5,1,2,3,2,1,1,4,3,2,5,3,2,23,9,9,10,2,5,41
40204,3,1,2,3,3,3,3,1,1,5,5,5,5,3,3,1,3,3,1,5,3,5,4,4,2,2,1,6,4,11,16,14,4,8,7,41
40205,3,1,2,4,3,1,2,5,1,5,3,4,4,2,4,4,2,3,2,5,3,3,2,1,1,2,5,1,1,18,3,11,7,1,6,32
40206,3,1,1,5,3,2,2,3,1,4,3,5,3,3,5,4,1,3,1,5,3,1,3,1,1,2,1,1,1,12,12,14,5,6,7,38
40207,3,1,2,4,3,5,2,1,1,5,4,1,2,3,3,3,3,2,5,5,1,2,2,1,1,1,1,1,1,20,6,9,8,2,5,35
40208,3,1,2,5,3,4,3,3,1,2,1,1,5,2,3,4,4,3,2,3,3,5,2,2,3,2,2,1,3,16,6,13,6,2,7,35
40209,3,1,1,2,3,2,3,2,1,5,1,4,5,3,3,4,1,3,2,5,3,1,2,2,1,2,1,1,1,12,14,15,5,7,8,41
40210,3,1,2,4,3,5,2,1,1,5,3,5,5,3,3,1,1,2,1,5,3,1,3,4,3,2,1,1,1,12,12,13,5,6,7,37
40213,2,2,2,4,3,4,3,2,2,5,4,5,5,3,3,5,5,3,3,5,1,2,3,1,5,2,5,3,4,9,16,20,3,8,10,45
40214,2,2,4,3,4,2,3,4,1,5,5,5,4,2,4,3,5,5,2,3,1,2,2,1,1,1,3,3,2,19,7,6,8,3,3,32
40215,2,2,1,3,3,3,3,2,1,5,5,5,5,3,3,4,3,3,2,2,1,2,2,2,2,4,1,1,2,9,6,11,3,2,6,26
40216,3,2,2,4,3,1,2,1,1,5,1,2,2,3,1,4,1,4,2,2,3,1,3,2,3,2,1,1,2,15,9,14,6,2,7,38
40218,2,2,2,4,3,2,2,2,1,5,1,4,4,2,3,4,1,4,1,3,3,1,3,2,2,3,1,1,1,16,7,11,6,3,6,34
40220,3,2,2,4,3,1,2,1,1,5,4,2,2,3,1,4,1,4,2,2,2,2,2,1,3,1,1,1,2,12,4,15,5,1,8,31
40223,2,1,2,2,1,2,2,2,1,5,4,5,5,4,3,3,2,1,2,3,1,5,2,1,2,2,1,1,2,10,14,13,4,7,7,37
40225,2,1,2,3,3,4,2,1,1,5,3,4,3,5,1,5,5,5,1,3,1,1,2,5,1,2,1,6,1,13,9,9,5,2,5,31
40228,2,1,2,3,3,2,3,1,2,2,4,4,5,3,3,3,2,3,2,3,1,2,3,2,3,2,2,1,2,17,11,11,7,5,6,39
40230,2,1,2,3,3,3,3,1,2,2,3,5,5,3,3,4,2,2,2,4,1,3,5,1,4,2,1,1,2,17,12,11,7,6,6,40
40232,3,1,1,4,3,5,3,1,1,4,3,4,4,4,2,4,1,5,2,5,1,1,2,2,2,2,1,4,2,21,7,4,9,3,2,32
40236,2,1,1,4,3,5,3,1,1,5,3,3,5,1,2,5,5,5,1,3,3,1,2,1,3,1,5,6,1,16,9,10,6,2,5,35
40237,3,1,2,4,3,1,2,4,1,5,3,5,5,3,5,4,1,1,2,3,3,1,1,1,1,2,3,1,1,18,12,10,7,6,5,40
40238,3,1,2,4,3,5,3,1,1,5,3,5,5,3,5,4,3,1,2,3,3,1,1,1,1,2,3,1,1,18,10,10,7,5,5,38
40241,3,1,1,2,1,2,3,1,1,5,5,4,5,3,2,5,5,3,2,5,1,1,2,1,1,2,3,3,1,14,13,15,6,6,8,42
40244,2,5,4,3,3,3,3,2,1,2,5,4,4,2,2,3,2,2,2,3,3,2,2,2,2,2,1,1,2,19,11,9,8,5,5,39
40254,2,1,2,4,3,5,3,1,1,5,3,5,5,1,3,4,1,1,2,3,3,2,4,2,1,2,1,3,3,12,11,15,5,5,8,38
40257,3,1,3,4,3,1,2,4,2,1,4,3,4,2,3,4,1,1,1,3,3,1,1,2,4,2,5,5,1,15,14,8,6,7,4,37
40259,2,1,5,2,1,1,3,2,3,5,1,3,4,3,2,4,3,3,2,3,3,3,2,4,1,3,1,1,1,14,10,11,6,5,6,35
40261,3,1,4,2,1,1,2,5,1,1,4,3,3,3,3,4,1,3,1,2,1,1,2,2,2,1,1,1,2,14,11,11,6,5,6,36
40265,2,1,5,2,3,3,3,2,1,5,5,5,5,3,1,4,2,5,2,5,1,1,3,3,2,5,2,1,2,14,10,15,6,5,8,39
40266,2,2,5,3,3,3,4,2,1,5,4,4,4,4,2,3,3,3,2,3,1,2,2,3,3,2,2,2,2,12,3,6,5,1,3,21
40267,3,2,4,1,2,1,3,4,1,5,3,2,3,4,3,3,2,5,5,2,3,1,2,2,3,2,5,3,1,15,11,13,6,5,7,39
40268,3,2,2,2,1,1,3,4,1,4,4,2,3,3,2,4,1,3,2,3,3,2,2,2,3,2,1,3,2,18,9,8,7,2,4,35
40270,2,2,2,3,3,3,4,1,1,5,4,2,2,3,2,4,1,3,2,3,3,3,1,2,1,3,5,1,1,15,11,4,6,5,2,30
40272,2,2,3,4,3,5,3,3,1,4,5,4,4,3,1,2,5,5,2,2,3,1,2,2,2,2,2,2,2,16,7,6,6,3,3,29
40273,2,1,4,5,3,5,2,3,1,5,3,5,5,4,2,4,3,1,2,3,1,3,2,2,3,3,4,1,2,20,7,11,8,3,6,38
40275,2,1,3,5,3,5,3,2,1,5,1,1,4,3,2,4,1,2,2,3,3,1,2,4,3,3,2,1,2,19,5,7,8,1,4,31
40277,2,2,2,4,3,2,3,2,2,5,3,2,3,3,2,4,1,2,2,2,3,2,2,2,3,3,1,1,2,17,8,9,7,3,5,34
40278,3,2,3,5,3,5,3,3,2,5,2,2,2,3,2,5,5,5,2,3,3,1,1,2,2,3,2,1,2,13,10,13,5,5,7,36
40279,3,2,5,4,3,5,2,3,3,3,5,5,4,2,3,2,4,2,2,3,3,2,2,2,3,2,1,1,2,14,10,11,6,5,6,35
40280,2,2,4,4,3,5,2,1,1,5,3,4,4,4,2,4,3,5,1,5,1,1,3,2,4,5,3,1,1,12,6,11,5,2,6,29
40281,3,2,3,4,3,5,3,3,1,5,1,2,4,3,2,2,2,3,2,3,3,2,2,2,3,2,1,1,2,14,7,12,6,3,6,33
40282,3,2,4,2,1,1,3,3,1,2,4,2,3,3,1,4,2,1,1,2,3,2,2,3,2,2,5,1,2,16,10,8,6,5,4,34
40283,2,4,1,3,3,4,3,1,1,5,3,5,5,3,3,4,2,3,2,3,1,1,2,3,3,1,2,1,2,17,3,10,7,1,5,30
40284,2,4,3,5,4,5,2,1,1,5,4,5,4,3,3,4,1,4,2,5,2,2,3,3,2,2,1,4,1,17,7,8,7,3,4,32
40285,2,4,2,3,3,2,3,3,2,5,3,5,5,4,4,5,5,2,5,5,3,2,2,3,2,4,3,3,2,15,12,13,6,6,7,40
40286,2,4,2,2,2,2,3,1,1,5,3,5,5,4,3,4,5,2,2,2,1,5,1,1,1,1,1,3,1,11,10,11,4,5,6,32
40287,2,4,2,4,3,5,4,1,1,2,1,1,2,3,1,4,1,2,2,3,3,1,2,3,3,2,2,1,1,13,6,11,5,2,6,30
40288,3,4,2,4,3,1,4,1,1,5,4,5,5,3,3,4,5,2,2,5,1,1,1,1,3,2,1,3,3,17,10,9,7,5,5,36
40290,3,4,3,4,3,1,3,3,1,5,4,5,5,1,4,3,2,3,2,2,3,3,1,1,4,3,1,1,2,12,10,7,5,5,4,29
40291,3,4,2,4,3,1,2,3,4,5,1,1,1,3,2,4,1,3,2,2,3,3,2,1,1,1,1,1,2,18,8,7,7,3,4,33
40293,3,1,3,3,1,1,3,3,1,5,1,3,2,3,1,4,2,4,1,2,3,1,2,1,3,2,2,3,1,15,16,12,6,8,6,43
40295,2,1,3,4,3,5,3,2,2,5,5,4,4,2,3,4,3,5,2,3,1,1,2,2,2,2,4,2,2,17,6,11,7,2,6,34
40296,3,1,4,4,3,5,3,3,1,2,2,5,5,3,2,3,1,1,2,3,1,2,3,2,3,2,1,1,3,15,2,9,6,1,5,26
40297,2,1,4,5,3,5,2,3,1,5,5,4,4,4,3,1,1,1,2,3,2,1,2,3,4,2,3,1,2,18,12,10,7,6,5,40
40298,2,1,4,2,3,2,3,3,2,5,3,5,4,1,4,5,4,4,3,5,1,2,3,3,3,2,1,1,4,14,11,10,6,5,5,35
40299,3,1,2,2,3,2,3,3,1,5,5,5,4,3,2,1,1,3,2,3,3,1,2,5,3,2,4,1,2,14,8,14,6,3,7,36
40300,3,1,2,2,1,1,2,2,1,5,3,5,5,3,2,4,5,5,2,5,1,2,1,4,2,2,5,3,1,18,5,9,7,1,5,32
40301,2,1,1,3,3,4,2,3,2,2,3,4,4,2,3,4,2,1,2,3,1,2,2,2,3,3,2,1,3,13,11,11,5,5,6,35
40302,3,1,3,2,1,1,3,5,1,5,4,5,5,5,3,4,1,3,2,5,1,5,4,4,1,1,2,3,5,14,8,13,6,3,7,35
40303,2,1,2,2,3,3,3,1,5,5,3,5,5,1,5,5,3,3,4,5,1,5,4,4,5,2,5,3,5,7,15,16,2,8,8,38
40304,2,1,2,4,3,4,3,1,1,5,3,4,5,5,3,3,3,3,2,2,1,1,2,2,3,2,1,1,1,8,13,17,3,6,9,38
40306,3,1,2,3,2,3,2,1,4,5,5,5,4,2,2,3,4,1,2,1,3,4,3,3,2,3,2,2,4,10,10,16,4,5,8,36
40308,3,1,4,2,3,2,2,3,1,5,4,5,4,5,3,3,1,5,1,2,3,2,2,2,1,2,1,6,2,20,6,10,8,2,5,36
40309,2,1,2,3,3,2,2,2,1,5,4,5,4,2,2,2,1,1,5,5,3,1,2,3,3,3,1,1,1,11,10,12,4,5,6,33
40310,2,1,2,4,3,1,2,2,1,5,4,2,4,3,2,4,1,4,2,2,3,2,2,4,3,4,3,3,1,14,2,13,6,1,7,29
40312,3,1,2,4,3,1,3,1,1,5,4,5,5,5,3,3,4,3,2,5,3,4,3,4,1,2,1,1,2,15,12,13,6,6,7,40
40313,2,4,1,2,3,2,3,2,2,5,3,5,5,5,2,4,3,2,2,3,1,3,4,2,3,3,3,1,3,14,16,8,6,8,4,38
40315,2,4,2,4,3,4,3,1,1,5,4,5,4,3,3,3,3,3,2,5,1,4,2,2,4,2,1,4,3,12,5,13,5,1,7,30
40316,2,4,1,3,3,3,3,3,1,5,3,1,5,5,3,4,1,2,2,3,1,2,3,3,2,2,1,1,2,10,16,14,4,8,7,40
40318,2,1,1,4,3,5,2,4,1,5,3,4,5,4,3,4,2,1,2,5,1,1,2,2,2,2,3,1,2,12,9,16,5,2,8,37
40319,3,1,2,4,3,2,1,1,1,5,4,2,2,3,1,2,1,3,2,3,1,1,3,3,3,2,4,1,1,13,10,13,5,5,7,36
40320,3,1,1,4,3,1,1,1,1,5,3,5,4,2,2,4,1,4,2,2,3,2,1,5,1,3,1,3,2,13,10,13,5,5,7,36
40321,3,1,1,4,3,1,1,1,1,5,3,5,5,3,3,4,3,1,5,3,3,3,4,4,4,5,5,3,4,11,10,16,4,5,8,37
40323,2,1,1,3,3,3,2,1,1,5,3,5,5,3,3,4,3,1,2,5,3,5,3,5,4,5,5,3,3,11,10,15,4,5,8,36
40324,2,1,2,2,1,3,3,4,2,5,4,5,5,2,3,3,1,3,2,5,1,2,2,2,2,2,1,1,1,10,11,8,4,5,4,29
40326,3,1,3,2,1,1,2,3,1,1,4,4,2,3,1,3,1,1,2,3,3,3,2,4,3,2,2,2,2,19,13,16,8,6,8,48
40327,2,1,1,3,3,2,2,1,2,5,4,5,4,3,2,4,2,1,1,3,3,2,3,4,3,1,1,3,2,14,12,10,6,6,5,36
40328,3,2,3,4,4,5,2,2,1,3,3,5,5,4,2,4,2,5,2,5,3,3,2,3,3,2,1,3,3,16,6,17,6,2,9,39
40329,2,2,5,4,3,5,3,2,1,3,4,5,2,3,1,2,2,2,1,3,1,4,2,2,3,2,1,1,1,14,13,14,6,6,7,41
40330,3,2,2,4,4,1,2,3,2,4,4,4,5,3,3,3,2,1,2,3,3,1,2,2,3,2,1,1,2,11,11,9,4,5,5,31
40331,2,2,3,4,3,5,3,2,1,5,1,5,4,4,2,4,1,1,2,3,1,1,2,2,2,2,2,1,2,20,9,6,8,2,3,35
40332,2,2,2,4,4,5,3,1,1,5,3,4,5,3,2,3,5,3,2,5,3,2,3,1,1,2,5,3,3,10,8,13,4,3,7,31
40335,2,2,2,2,2,2,3,4,1,3,4,5,5,3,4,4,2,1,2,5,1,2,3,2,1,2,1,1,1,19,12,15,8,6,8,46
40336,2,2,2,2,2,1,4,4,1,5,2,4,4,4,3,2,1,4,2,3,1,1,2,2,2,3,1,1,2,18,6,13,7,2,7,37
40340,3,2,2,3,2,2,2,3,2,5,2,1,2,3,2,3,2,3,2,3,3,3,2,3,3,2,5,3,1,17,9,12,7,2,6,38
40341,3,2,2,2,1,1,4,4,2,5,1,2,2,3,2,3,2,3,2,3,3,3,3,3,2,3,5,3,2,14,10,13,6,5,7,37
40342,2,2,2,3,3,4,2,2,2,5,1,5,5,3,3,4,3,1,2,5,3,2,3,2,3,2,1,1,4,9,12,14,3,6,7,35
40343,2,1,2,4,3,5,3,2,2,5,3,4,4,3,3,3,5,1,3,3,1,2,3,2,3,2,5,1,2,19,9,13,8,2,7,41
40346,2,2,3,4,3,5,3,1,3,5,1,1,5,2,3,4,3,1,2,4,3,1,3,2,2,2,1,1,3,10,10,13,4,5,7,33
40349,2,1,4,4,3,5,3,1,1,5,5,3,4,5,3,5,5,3,2,3,3,1,2,2,4,4,5,3,2,16,5,9,6,1,5,30
40350,2,1,4,2,3,2,4,3,2,5,3,5,5,4,3,4,2,3,2,3,3,2,2,2,2,4,5,1,2,10,13,12,4,6,6,35
40351,2,1,2,4,3,5,3,2,1,1,5,5,5,4,3,4,2,3,2,3,3,1,1,2,3,2,5,6,2,17,9,11,7,2,6,37
40353,3,1,2,2,3,1,3,4,1,5,3,5,5,4,2,4,2,3,2,5,3,2,3,3,1,2,1,1,2,13,11,12,5,5,6,36
40354,2,1,2,4,3,4,3,1,1,5,3,5,2,4,2,4,2,3,2,3,3,1,2,2,1,3,1,5,2,15,13,11,6,6,6,39
40355,2,1,1,5,3,5,2,3,1,5,3,5,4,4,3,4,1,3,2,3,3,1,2,2,3,2,3,1,2,17,6,8,7,2,4,31
40356,3,1,2,3,3,4,3,3,1,5,1,5,5,3,4,4,2,1,2,5,3,3,2,1,2,2,1,1,3,8,15,15,3,8,8,38
40357,2,1,4,4,3,5,2,2,1,5,3,4,2,4,1,4,2,2,2,3,3,2,3,2,2,1,1,1,2,16,6,9,6,2,5,31
40358,3,1,2,4,3,2,2,1,1,5,1,5,4,2,3,4,1,1,2,2,3,1,2,1,2,2,1,1,3,21,6,7,9,2,4,34
40359,3,1,5,4,3,5,2,1,3,5,3,1,5,3,3,4,5,5,2,3,3,1,2,2,3,2,1,1,1,19,14,9,8,7,5,42
40360,3,1,2,4,3,5,3,2,1,2,1,5,2,3,1,4,1,4,2,1,1,1,2,1,3,3,1,1,1,16,6,10,6,2,5,32
40361,3,1,2,4,3,5,2,3,2,5,1,2,1,3,1,1,1,1,1,3,3,1,1,1,2,2,1,1,3,20,6,8,8,2,4,34
40362,2,1,1,4,3,5,2,1,1,5,4,5,5,4,3,4,1,1,2,4,3,2,2,2,3,2,2,1,1,14,5,10,6,1,5,29
40364,3,1,4,2,1,1,3,4,2,2,2,2,4,4,3,3,4,4,2,2,3,1,2,2,2,3,3,3,2,19,13,5,8,6,3,37
40365,2,1,3,4,3,5,2,3,1,5,3,4,2,3,2,3,2,5,5,3,1,1,2,5,3,2,3,1,1,16,10,10,6,5,5,36
40366,3,1,1,4,3,1,2,3,1,2,2,1,1,3,1,5,5,5,1,1,1,1,1,2,3,5,5,6,1,17,9,8,7,2,4,34
40367,3,1,2,5,3,3,2,3,1,1,3,4,2,3,1,4,2,2,1,3,1,1,1,2,1,1,1,1,2,19,6,9,8,2,5,34
40369,3,1,4,4,4,2,2,1,5,2,3,5,4,2,2,4,1,1,2,5,1,1,1,1,2,2,3,1,2,13,10,12,5,5,6,35
40370,3,4,1,2,4,2,2,3,3,4,3,4,4,2,3,1,3,1,2,3,3,1,3,3,3,2,1,4,2,17,8,12,7,3,6,37
40373,3,4,2,2,1,1,2,2,1,5,3,2,5,3,3,4,1,2,2,3,1,1,2,4,3,2,1,3,2,17,11,11,7,5,6,39
40374,2,4,3,4,3,5,3,1,2,5,1,4,4,4,2,4,3,3,2,3,3,5,2,1,2,2,2,3,4,13,10,17,5,5,9,40
40375,2,4,2,4,4,4,3,3,2,5,3,4,4,4,3,4,1,3,2,3,3,3,2,2,2,3,1,1,1,13,9,13,5,2,7,35
40379,2,4,2,4,3,5,2,2,2,5,3,5,5,3,1,2,3,2,2,3,1,2,2,5,1,2,1,1,1,13,13,13,5,6,7,39
40383,2,4,1,3,3,3,3,1,3,5,4,5,5,2,4,4,2,2,2,5,1,3,2,4,3,2,3,3,1,8,11,10,3,5,5,29
40385,2,4,5,4,3,5,3,1,1,5,5,4,4,3,3,4,3,2,2,3,3,1,3,4,4,2,1,1,1,16,7,14,6,3,7,37
40387,2,4,2,3,3,3,3,1,1,5,3,5,5,3,3,4,3,3,2,3,1,4,2,1,1,2,3,1,1,17,6,15,7,2,8,38
40388,3,4,2,4,3,1,2,2,1,5,4,4,4,3,3,2,1,2,1,2,3,3,3,2,3,2,2,1,1,19,8,16,8,3,8,43
40389,2,4,2,3,3,2,2,1,1,5,3,5,4,4,4,1,2,1,2,3,3,3,1,1,2,2,2,4,1,11,13,18,4,6,9,42
40391,3,4,2,4,3,1,2,1,1,5,3,2,5,3,3,3,1,2,2,3,1,1,2,3,3,2,1,3,1,14,11,11,6,5,6,36
40393,3,4,5,4,3,1,2,3,3,5,3,4,5,4,3,4,5,5,2,3,1,5,2,3,3,2,1,1,2,17,10,11,7,5,6,38
40395,3,4,2,4,3,2,2,2,1,5,1,5,4,3,1,4,1,2,4,3,3,3,2,2,1,2,4,2,2,16,7,12,6,3,6,35
40396,3,4,3,4,3,5,3,3,1,5,1,5,4,3,1,4,3,2,4,3,3,1,2,2,5,4,3,1,2,14,8,6,6,3,3,28
40397,2,1,4,2,1,1,3,4,1,5,4,4,4,3,2,4,1,1,5,3,1,1,2,2,2,2,3,4,2,18,8,6,7,3,3,32
40398,3,1,2,4,3,1,2,4,1,2,1,4,4,2,2,4,2,4,2,3,3,1,2,3,3,2,1,1,2,22,9,9,9,2,5,40
40400,2,1,4,3,3,4,2,3,2,5,3,2,5,5,2,4,1,1,2,3,1,1,2,2,2,3,3,1,3,16,13,10,6,6,5,39
40401,3,1,2,4,3,1,1,1,2,5,4,5,5,2,5,3,1,3,2,5,3,3,4,2,3,2,1,3,3,9,15,14,3,8,7,38
40402,2,1,2,2,1,2,2,1,2,5,4,5,5,2,4,3,2,3,2,5,3,4,4,2,3,2,1,3,3,12,13,14,5,6,7,39
40403,3,1,2,5,3,1,3,1,2,5,3,2,4,4,3,4,5,5,1,4,3,1,3,3,3,2,1,3,2,12,10,9,5,5,5,31
40405,2,4,2,2,3,3,3,1,1,5,3,5,5,1,4,4,3,2,2,3,1,1,1,1,2,2,2,1,2,13,10,12,5,5,6,35
40411,3,4,2,4,3,2,2,2,1,4,1,2,1,3,1,3,1,3,2,1,1,4,2,1,4,2,1,1,1,16,10,12,6,5,6,38
40413,2,4,4,5,1,3,3,1,3,5,1,5,5,1,4,4,3,2,2,2,3,1,1,1,3,1,1,1,3,14,9,11,6,2,6,34
40415,2,4,2,4,3,5,4,2,1,5,5,4,5,2,3,3,4,3,2,5,1,1,1,1,2,2,1,1,2,19,12,8,8,6,4,39
40421,3,4,2,4,3,2,2,1,2,4,3,4,4,3,2,4,2,2,2,3,3,1,3,1,2,3,1,1,1,21,2,10,9,1,5,33
40422,3,4,2,4,3,1,2,1,1,5,3,4,4,3,2,4,2,2,2,3,3,1,2,1,2,3,1,1,1,16,8,9,6,3,5,33
40423,3,4,5,2,3,2,2,4,3,5,3,5,5,1,4,4,4,1,2,1,3,2,1,1,2,2,2,3,2,11,10,5,4,5,3,26
40424,3,4,2,4,3,4,2,2,2,2,3,2,2,3,2,3,2,3,2,2,1,1,3,2,1,3,2,3,2,16,8,9,6,3,5,33
40426,3,4,2,4,3,1,3,3,1,5,4,5,5,3,4,5,2,1,1,1,3,3,2,3,3,5,1,1,2,17,8,10,7,3,5,35
40427,2,4,1,4,3,3,3,1,1,5,3,5,5,2,3,4,1,3,2,5,3,2,2,1,1,1,1,4,1,18,12,5,7,6,3,35
40428,2,4,3,4,3,5,3,3,2,5,3,4,4,4,2,3,3,3,2,3,3,2,3,2,3,2,2,1,2,13,8,17,5,3,9,38
40429,2,4,2,4,3,5,4,1,1,5,3,5,5,3,1,4,1,5,2,5,1,1,1,2,3,1,1,3,1,15,3,9,6,1,5,27
40431,2,4,2,2,1,1,3,4,3,5,4,4,5,3,2,4,2,3,2,3,1,2,2,4,2,2,1,1,1,17,13,11,7,6,6,41
40432,2,4,2,2,1,2,3,1,1,5,3,4,2,4,4,3,5,3,2,3,1,2,2,2,3,2,1,1,2,12,7,9,5,3,5,28
40433,2,4,3,2,1,2,2,1,3,2,4,5,1,3,4,3,3,3,3,5,3,2,3,2,1,2,1,3,2,6,14,18,2,7,9,38
40434,3,4,2,3,3,1,2,3,1,5,2,2,5,2,2,3,1,1,1,3,3,5,1,1,1,3,1,1,2,16,12,8,6,6,4,36
40438,3,1,2,2,1,1,2,4,3,5,2,3,4,2,2,3,3,3,2,3,3,1,1,3,3,2,3,3,3,13,12,13,5,6,7,38
40439,2,1,3,3,2,2,2,4,2,5,4,5,3,4,3,4,4,3,5,3,3,1,2,4,3,3,1,1,3,17,12,12,7,6,6,41
40440,2,1,4,2,1,1,2,4,1,4,3,2,4,3,2,3,2,4,2,3,1,1,3,3,2,2,1,3,1,12,16,9,5,8,5,37
40441,2,1,2,4,3,5,5,2,1,5,3,4,5,1,3,3,3,1,1,5,3,2,2,3,3,2,4,1,1,15,12,12,6,6,6,39
40442,3,1,1,4,3,2,1,1,2,4,3,3,2,5,3,5,3,1,1,3,3,3,4,3,1,2,1,2,3,13,8,8,5,3,4,29
40443,2,1,4,4,3,4,2,1,2,5,5,4,4,2,3,3,5,5,2,3,1,2,2,2,1,2,5,1,2,12,11,13,5,5,7,36
40444,3,1,3,4,3,5,2,3,1,5,3,4,3,3,2,3,5,4,1,3,3,1,2,4,3,1,1,2,2,19,9,12,8,2,6,40
40447,2,1,2,2,3,2,3,2,1,5,5,4,4,4,2,4,2,1,2,3,3,2,2,3,1,1,1,1,3,20,12,8,8,6,4,40
40448,3,1,2,5,3,2,1,3,2,4,4,4,4,3,2,4,3,1,5,3,3,2,2,3,3,2,1,1,3,10,14,12,4,7,6,36
40449,2,1,2,2,3,3,2,1,1,5,3,5,4,3,3,4,3,1,2,5,1,2,2,1,3,2,1,1,3,11,14,15,4,7,8,40
40455,3,1,2,4,3,5,2,3,1,5,3,5,5,3,3,3,1,4,1,5,1,2,2,1,2,2,1,1,1,14,12,16,6,6,8,42
40456,2,1,3,4,3,5,3,2,4,5,3,5,5,5,3,3,3,2,3,5,3,3,3,5,4,2,1,1,3,12,9,11,5,2,6,32
40458,3,1,1,4,3,5,2,1,1,5,4,4,5,3,3,4,1,3,3,5,3,2,2,1,2,2,1,1,1,16,12,11,6,6,6,39
40459,3,1,3,1,1,1,3,4,1,2,3,5,4,3,2,3,2,3,2,3,3,4,3,3,5,2,5,3,2,17,8,7,7,3,4,32
40460,3,1,2,4,3,5,4,2,1,5,4,5,5,4,3,4,1,1,2,5,1,5,4,2,2,2,2,2,2,9,14,21,3,7,10,44
40462,3,1,2,4,1,1,3,1,1,5,4,5,5,3,2,3,2,1,2,5,1,5,4,1,4,2,5,1,3,11,13,15,4,6,8,39
40464,2,1,1,5,3,5,2,3,1,2,3,5,2,2,3,2,3,2,2,2,1,1,1,2,2,2,4,2,1,15,12,8,6,6,4,35
40465,2,1,1,4,3,2,3,1,1,2,3,5,2,2,5,2,1,2,1,2,1,2,2,2,3,2,4,5,1,13,16,10,5,8,5,39
40467,2,1,2,4,3,5,2,1,1,5,3,5,5,2,4,2,3,5,5,5,3,1,2,1,3,4,2,3,2,11,9,9,4,2,5,29
40469,3,1,2,4,3,5,4,2,1,5,3,5,4,3,2,3,2,4,2,3,3,2,3,4,3,4,1,3,1,16,3,9,6,1,5,28
40470,2,1,2,4,3,5,3,1,1,5,5,5,4,4,3,4,2,1,2,1,1,2,3,2,2,2,1,1,3,12,11,9,5,5,5,32
40475,3,4,2,4,3,1,2,2,1,2,3,5,4,3,1,4,1,1,2,5,3,3,3,2,3,3,1,1,1,12,12,15,5,6,8,39
40479,3,4,2,2,1,1,2,4,3,5,4,4,4,3,4,4,2,4,5,3,1,2,3,4,3,2,2,3,2,9,10,12,3,5,6,31
40480,2,4,1,2,3,2,3,2,2,5,4,4,4,4,3,4,2,3,3,4,2,5,3,2,4,2,3,1,2,9,11,11,3,5,6,31
40481,3,4,2,3,3,2,3,1,1,5,3,3,5,3,2,5,5,3,2,5,3,2,1,1,1,2,5,5,2,19,12,11,8,6,6,42
40483,2,4,1,4,3,5,3,1,2,5,5,4,4,3,3,4,2,5,2,3,1,1,1,2,3,3,1,1,2,15,12,15,6,6,8,42
40484,2,4,4,4,3,5,2,1,1,3,3,1,5,3,4,5,5,5,2,3,1,2,3,4,3,2,5,1,2,13,12,16,5,6,8,41
40485,2,4,2,3,1,3,2,1,1,5,5,5,5,3,3,5,3,5,4,5,3,1,2,4,4,2,5,1,2,13,10,8,5,5,4,31
40490,3,4,2,4,3,3,3,2,3,5,4,3,4,2,3,5,1,1,5,5,3,5,4,1,1,2,1,5,4,8,10,14,3,5,7,32
40491,2,4,2,3,3,2,3,2,2,5,1,4,4,4,2,4,2,3,2,5,3,2,2,3,3,2,2,2,3,17,20,17,7,10,9,54
40492,2,4,4,3,3,4,3,2,3,5,3,5,5,4,3,4,2,3,4,4,4,4,5,1,3,2,3,3,4,8,17,19,3,9,10,44
40493,2,4,1,4,3,1,2,1,1,3,3,3,4,4,3,4,1,1,5,3,3,3,3,2,3,2,1,1,4,13,10,15,5,5,8,38
40495,2,4,2,3,1,2,3,2,1,3,3,5,5,3,3,4,2,3,2,1,1,5,3,2,2,3,1,1,2,10,11,13,4,5,7,34
40497,3,4,5,4,3,1,2,1,1,5,3,4,5,2,4,4,3,1,5,4,1,3,2,1,4,2,4,1,3,12,6,18,5,2,9,36
40498,3,4,1,4,3,1,2,2,2,3,2,2,3,1,3,4,2,3,2,3,1,3,3,3,3,3,2,1,2,10,9,14,4,2,7,33
40499,2,4,3,4,3,5,3,1,1,2,3,2,5,3,2,4,3,5,2,5,3,2,2,2,3,3,5,6,2,15,11,8,6,5,4,34
40500,2,4,1,4,3,5,3,2,1,2,4,5,5,2,3,4,1,3,2,5,3,2,2,2,2,2,3,1,2,11,13,11,4,6,6,35
40503,3,4,3,4,3,5,2,4,3,5,3,5,5,1,4,4,1,2,3,4,2,5,4,1,4,2,2,1,1,8,9,17,3,2,9,34
40507,2,4,3,4,3,5,2,1,2,4,5,5,5,3,3,4,2,2,2,3,1,2,2,4,3,2,3,1,2,13,5,12,5,1,6,30
40508,2,4,3,4,3,5,4,1,3,4,3,5,5,4,3,5,5,1,2,5,3,1,2,2,4,4,1,1,2,14,10,11,6,5,6,35
40509,2,4,2,4,3,4,3,2,1,5,1,2,5,4,2,3,1,3,3,5,1,3,2,1,1,3,1,1,2,16,9,10,6,2,5,35
40510,2,4,2,2,3,2,3,3,3,5,3,5,4,3,3,3,3,3,2,5,3,1,2,1,2,2,3,3,2,13,7,10,5,3,5,30
40514,3,4,2,4,4,2,3,1,1,5,3,5,5,2,4,3,3,3,3,5,1,2,3,2,4,2,5,3,3,1,14,13,1,7,7,28
40516,2,4,2,3,3,2,3,1,2,5,3,5,5,3,3,4,2,1,3,5,1,3,3,2,2,2,1,3,4,6,12,16,2,6,8,34
40519,2,1,2,2,3,2,2,2,1,5,3,5,4,3,2,3,1,2,2,5,3,2,2,1,1,1,1,3,1,19,13,11,8,6,6,43
40520,2,1,2,3,3,4,2,2,1,4,4,5,5,4,2,4,3,4,2,2,1,2,4,1,3,3,1,1,1,15,16,12,6,8,6,43
40525,2,1,2,3,4,3,2,1,4,5,3,5,4,2,4,4,5,1,2,5,3,3,3,2,2,2,5,1,1,16,10,14,6,5,7,40
40526,2,1,2,4,3,5,3,2,2,5,4,5,4,3,3,5,1,2,2,3,3,2,2,2,4,2,3,1,2,15,7,12,6,3,6,34
40527,3,1,4,5,3,2,2,3,1,2,1,2,4,2,1,3,1,1,2,3,3,2,4,3,4,2,1,2,1,15,5,10,6,1,5,30
40528,2,1,1,5,3,5,2,1,1,1,2,1,2,3,2,3,2,1,2,3,3,1,2,2,2,2,1,3,3,10,10,14,4,5,7,34
40531,2,1,2,3,3,2,3,4,3,5,3,5,4,3,1,4,2,2,2,3,3,1,2,4,3,3,4,1,2,16,6,9,6,2,5,31
40534,2,1,1,4,3,3,2,1,3,5,3,5,5,3,4,3,1,4,2,5,3,4,1,2,2,2,1,1,1,13,13,11,5,6,6,37
40535,2,1,2,4,3,5,3,1,1,5,4,5,5,3,4,3,1,3,2,4,3,3,3,2,2,2,1,3,3,18,6,9,7,2,5,33
40536,3,1,2,4,3,1,1,1,1,2,5,5,5,2,4,1,1,4,2,5,1,2,3,3,3,3,3,3,3,14,8,12,6,3,6,34
40537,2,1,1,2,3,2,3,1,1,5,4,5,5,3,2,3,1,4,2,5,3,3,2,2,2,2,1,1,2,15,12,15,6,6,8,42
40538,2,1,2,4,3,5,2,1,1,5,4,5,5,3,2,3,1,4,2,5,3,1,2,2,2,2,1,1,1,17,13,10,7,6,5,40
40539,3,1,2,2,1,1,2,4,1,2,2,4,4,3,1,4,5,5,1,1,3,2,3,2,2,3,5,1,1,16,9,11,6,2,6,36
40541,3,1,1,4,4,4,2,1,3,5,3,5,3,3,2,4,3,3,2,3,1,1,5,5,4,2,1,1,3,13,10,13,5,5,7,36
40542,2,1,3,2,3,4,2,3,1,2,2,4,4,3,2,3,1,4,2,2,3,2,3,1,2,1,1,1,1,13,9,11,5,2,6,33
40545,3,1,4,2,1,1,3,4,2,1,2,2,2,3,1,3,1,4,1,2,1,1,2,2,2,1,1,3,1,18,10,6,7,5,3,34
40547,2,1,2,2,1,1,3,2,1,4,1,5,5,3,4,5,3,5,2,5,3,5,4,2,3,2,3,1,1,16,7,15,6,3,8,38
40548,3,1,2,1,1,1,2,3,1,5,4,5,5,4,2,4,5,3,2,5,3,2,2,4,2,2,2,1,2,18,12,10,7,6,5,40
40549,2,1,2,2,1,1,2,3,1,5,1,5,5,2,4,4,3,3,2,3,3,2,2,2,3,2,2,1,2,14,14,17,6,7,9,45
40552,3,1,1,2,3,3,2,2,1,1,3,1,5,3,1,3,2,4,1,3,2,3,2,1,3,3,1,3,2,17,8,9,7,3,5,34
40554,2,1,3,5,3,5,3,3,1,5,3,3,4,3,4,4,2,3,2,3,3,1,2,2,3,2,1,1,2,15,8,7,6,3,4,30
40555,2,1,1,4,3,5,3,1,1,5,5,3,5,3,2,4,2,3,2,3,3,1,2,2,3,2,5,1,2,15,9,10,6,2,5,34
40556,2,1,4,3,3,2,3,2,1,5,4,5,5,4,4,4,1,1,2,3,1,1,2,1,1,2,2,1,2,21,11,9,9,5,5,41
40557,3,2,2,2,3,2,3,3,1,1,3,2,5,3,2,5,5,3,2,5,1,1,1,1,1,2,1,1,1,21,6,7,9,2,4,34
40559,2,2,2,3,3,3,2,2,1,5,4,5,2,3,3,4,3,2,2,5,1,2,2,2,1,1,1,1,3,14,11,14,6,5,7,39
40560,3,2,1,4,4,3,2,1,1,5,2,2,4,3,2,3,2,4,2,3,3,1,1,1,1,3,1,1,1,20,16,10,8,8,5,46
40561,2,2,2,2,2,2,2,2,2,5,1,5,5,3,2,4,5,4,2,3,1,2,2,2,1,1,3,1,3,13,13,10,5,6,5,36
40562,3,1,3,2,3,1,3,4,2,2,3,5,4,3,1,1,1,1,2,2,1,1,1,1,1,1,3,1,1,19,13,12,8,6,6,44
40564,3,1,2,4,3,5,3,2,1,2,3,5,5,2,3,3,1,3,2,3,3,3,2,2,2,2,1,1,2,11,6,14,4,2,7,31
40565,2,2,2,2,1,2,2,2,3,2,1,5,4,3,2,4,5,2,1,5,1,2,3,3,2,2,1,3,1,15,12,10,6,6,5,37
40566,2,2,4,3,3,4,4,2,1,5,2,2,5,3,2,5,5,3,2,5,1,1,1,1,1,2,1,1,1,15,4,13,6,1,7,32
40576,3,1,1,5,3,5,3,4,2,3,5,5,4,2,4,4,1,3,2,3,3,1,2,4,4,2,2,1,1,15,11,11,6,5,6,37
40580,3,1,2,4,3,1,2,3,1,5,3,4,3,3,3,3,3,3,5,5,1,2,3,2,3,2,1,1,2,17,15,9,7,8,5,41
40581,3,1,2,4,3,1,2,2,1,5,3,4,5,3,4,4,2,2,4,5,3,1,2,2,4,2,1,1,1,11,10,10,4,5,5,31
40583,1,1,1,4,3,5,4,1,1,5,1,1,4,3,1,4,2,5,2,1,3,1,3,2,3,3,2,3,1,15,12,16,6,6,8,43
40584,1,1,2,2,3,2,3,3,2,5,4,5,4,3,3,4,3,3,2,3,1,1,2,3,4,2,1,3,1,18,9,6,7,2,3,33
40586,2,1,4,2,3,2,3,1,1,2,4,4,2,3,5,3,3,1,2,2,3,2,3,2,2,2,2,1,3,14,10,13,6,5,7,37
40587,3,1,4,2,2,2,3,2,3,1,2,2,2,3,2,3,3,3,2,2,3,3,1,3,3,3,3,1,2,15,8,13,6,3,7,36
40589,3,1,4,2,1,2,3,2,2,5,4,5,2,3,1,4,2,1,2,5,3,2,3,4,3,2,4,1,3,16,10,9,6,5,5,35
40591,2,1,2,4,3,5,3,2,1,5,2,2,2,2,1,3,1,2,1,2,1,1,1,1,1,1,1,1,1,13,6,16,5,2,8,35
40593,3,1,2,4,3,1,3,4,2,5,4,2,2,4,1,3,2,2,2,2,3,2,2,3,3,1,1,1,1,11,13,10,4,6,5,34
40594,3,1,4,3,3,1,3,2,1,5,1,3,2,4,2,4,1,5,2,2,3,1,1,2,3,1,5,1,1,18,10,8,7,5,4,36
40598,3,2,2,4,3,5,2,4,4,5,5,5,5,4,3,4,3,3,2,5,3,3,2,3,3,2,2,1,3,16,11,14,6,5,7,41
40599,3,1,2,4,3,1,2,3,1,3,1,1,1,3,1,4,1,4,2,1,1,2,2,1,1,2,1,1,1,19,8,10,8,3,5,37
40600,2,2,2,2,3,2,3,1,3,5,3,5,4,3,4,4,2,2,2,5,3,2,3,3,5,2,2,3,3,9,9,11,3,2,6,29
40602,2,2,1,4,3,4,3,1,1,1,3,5,4,4,3,3,2,3,2,3,1,2,2,2,3,4,1,1,4,15,7,11,6,3,6,33
40603,3,2,2,4,3,3,2,1,1,1,3,4,4,2,3,4,2,3,2,3,1,2,3,2,3,2,1,3,4,15,9,13,6,2,7,37
40606,3,1,2,4,4,1,2,1,1,4,4,5,5,3,3,3,1,4,2,1,3,4,2,1,1,3,2,1,1,9,13,17,3,6,9,39
40607,3,1,1,4,3,1,2,1,1,2,4,4,4,2,4,3,2,1,2,3,3,2,3,4,4,2,1,1,2,14,7,7,6,3,4,28
40608,2,2,5,5,3,5,3,2,2,5,3,5,5,2,3,4,5,5,5,5,1,1,2,1,4,2,1,1,3,15,5,9,6,1,5,29
40609,2,1,1,4,3,4,3,1,1,5,3,5,5,3,4,5,1,4,2,5,3,4,5,5,4,2,1,1,2,10,6,18,4,2,9,34
40613,2,1,2,2,3,2,3,1,1,5,5,5,5,3,5,5,5,4,2,5,1,5,5,1,3,2,1,1,2,4,15,19,1,8,10,38
40614,2,2,2,2,1,2,2,1,1,5,3,5,5,3,5,5,5,4,2,5,1,5,5,1,3,2,1,1,2,4,13,17,1,6,9,34
40615,2,2,2,2,1,1,4,1,1,5,4,5,5,1,5,4,5,1,3,5,3,2,5,1,1,2,1,1,5,9,18,13,3,10,7,40
40618,3,1,2,2,3,3,2,1,2,5,3,5,5,2,3,4,5,3,2,5,3,3,4,1,4,2,1,3,3,12,9,13,5,2,7,34
40619,2,1,1,4,3,5,3,2,2,5,5,5,5,3,3,4,2,2,2,3,3,2,2,3,4,2,1,6,3,17,11,14,7,5,7,42
40621,2,1,1,4,3,2,2,1,2,5,3,4,3,3,4,4,3,3,3,3,1,2,2,4,4,2,1,1,2,13,12,14,5,6,7,39
40622,2,1,2,4,3,2,2,2,1,5,5,5,4,2,2,5,5,5,2,5,3,2,2,4,3,5,5,3,2,12,12,13,5,6,7,37
40623,3,1,1,4,3,5,3,1,1,5,5,4,4,2,3,4,1,3,3,3,3,2,2,4,4,2,1,1,2,13,12,13,5,6,7,38
40625,3,1,2,4,3,1,2,2,2,5,1,2,4,4,2,4,2,3,2,3,3,1,2,2,3,3,1,1,2,15,7,12,6,3,6,34
40626,3,1,2,4,3,1,1,4,1,5,1,2,5,3,3,4,2,4,2,3,3,1,2,4,4,2,1,3,2,13,11,11,5,5,6,35
40627,2,1,2,4,3,1,2,2,1,5,1,2,5,3,3,4,2,3,5,3,3,1,2,4,2,1,1,3,2,19,7,10,8,3,5,36
40629,2,1,2,4,3,3,3,4,3,5,3,5,4,3,3,4,1,1,2,3,1,2,3,2,3,2,2,3,2,13,11,8,5,5,4,32
40632,3,5,1,4,5,4,5,5,5,4,2,2,5,5,4,3,4,2,4,4,5,1,3,5,1,1,1,3,5,8,14,8,3,7,4,30
40635,3,1,4,5,4,2,4,2,4,5,1,4,4,3,4,2,1,4,4,5,2,2,5,4,4,4,4,4,5,13,5,12,5,1,6,30
40637,3,1,3,4,3,3,1,1,1,5,4,2,1,1,4,3,3,3,3,3,1,5,1,1,1,3,1,1,1,13,10,13,5,5,7,36
40638,3,1,3,3,1,1,2,3,2,3,3,5,4,3,2,4,3,1,5,5,3,4,3,2,3,2,3,2,2,11,12,14,4,6,7,37
40639,3,1,3,3,1,1,2,3,2,3,3,5,4,3,2,4,3,1,5,5,3,4,3,2,3,2,3,2,2,11,12,14,4,6,7,37
40640,3,1,2,2,1,1,4,3,3,5,4,2,4,4,2,4,2,3,2,3,1,2,1,4,1,2,1,3,2,14,6,16,6,2,8,36
40642,2,1,2,4,3,5,4,3,1,5,2,4,4,2,2,1,1,2,2,1,1,2,1,2,2,3,1,1,2,14,11,14,6,5,7,39
40643,3,1,2,4,3,5,3,2,2,5,3,4,2,1,3,4,2,3,2,3,3,2,2,4,3,2,1,1,2,17,9,12,7,2,6,38
40647,2,1,2,3,3,2,3,2,2,2,1,4,2,4,1,4,2,1,2,2,3,2,1,4,2,4,1,1,3,14,12,9,6,6,5,35
40658,2,1,2,4,3,5,3,3,1,5,1,3,5,3,3,3,4,5,4,5,3,5,2,4,3,2,1,1,3,12,9,15,5,2,8,36
40660,2,1,3,2,3,1,3,3,2,5,1,2,2,3,2,4,2,3,2,2,3,1,2,2,2,3,2,1,2,19,7,9,8,3,5,35
40662,3,1,2,4,3,1,2,2,1,2,1,5,5,3,1,4,2,1,2,4,3,2,5,3,4,2,1,1,5,17,9,12,7,2,6,38
40663,2,1,2,4,3,5,2,2,1,5,2,5,2,3,3,2,1,1,2,3,3,1,3,2,3,3,3,1,3,15,10,12,6,5,6,37
40666,3,1,1,3,3,1,3,3,1,2,3,4,4,3,3,3,2,3,2,3,3,1,2,2,2,2,1,1,1,16,9,2,6,2,1,27
40667,3,1,2,4,3,5,2,3,1,3,1,3,2,3,1,1,2,2,4,1,1,2,3,3,1,2,1,5,1,20,14,10,8,7,5,44
40668,3,1,4,2,1,1,2,4,2,5,4,5,4,2,4,4,2,5,2,5,3,2,2,2,2,1,5,1,2,12,10,9,5,5,5,31
40670,3,1,2,3,3,3,3,1,1,5,3,5,5,1,5,4,2,5,2,5,3,3,3,2,1,3,1,1,3,11,15,15,4,8,8,41
40672,2,1,4,2,1,2,2,5,4,1,4,5,5,4,2,5,2,4,2,3,1,1,2,4,1,1,2,3,2,15,13,7,6,6,4,35
40678,3,2,3,2,3,1,3,3,2,2,1,2,2,4,2,5,5,5,2,2,1,2,2,3,3,3,1,1,1,22,8,2,9,3,1,32
40682,3,2,3,2,3,1,3,3,2,2,1,2,2,4,2,5,5,5,2,2,1,2,2,3,3,3,1,1,1,21,8,2,9,3,1,31
40684,3,2,2,4,3,2,2,1,1,5,1,4,4,3,3,4,2,3,1,5,1,5,3,4,4,2,1,1,1,17,11,13,7,5,7,41
40685,2,1,3,2,2,2,3,3,1,5,1,4,2,2,1,2,4,2,2,3,3,2,2,2,1,2,2,1,1,14,10,11,6,5,6,35
40686,3,5,3,2,1,1,4,4,1,4,4,5,4,3,3,2,3,1,2,2,3,1,2,4,3,2,2,1,3,15,10,11,6,5,6,36
40688,2,2,1,4,3,3,3,2,1,5,4,5,4,4,3,4,2,1,2,5,1,1,2,2,2,2,1,3,2,10,12,10,4,6,5,32
40690,3,2,3,4,3,5,3,4,3,3,3,5,5,4,4,4,2,3,3,5,1,2,2,4,4,2,1,1,2,15,13,12,6,6,6,40
40691,3,2,2,4,3,5,2,3,2,3,3,5,4,3,3,4,2,2,2,5,1,1,3,2,4,2,1,1,1,14,14,14,6,7,7,42
40692,3,1,5,2,2,1,3,4,3,5,5,4,4,3,3,4,3,5,2,4,3,2,2,2,2,2,1,1,1,14,19,16,6,10,8,49
40693,2,2,3,3,4,4,3,1,1,5,4,5,5,3,3,3,3,3,2,5,1,2,4,1,4,2,1,1,2,16,13,14,6,6,7,43
40695,2,2,2,4,3,5,3,1,1,5,3,5,5,5,3,4,1,3,2,3,1,1,1,1,2,2,1,3,2,18,8,7,7,3,4,33
40699,3,1,2,4,3,1,2,2,1,5,3,5,4,5,2,4,2,1,2,5,3,2,4,2,2,2,1,1,3,15,15,12,6,8,6,42
40705,2,2,3,3,3,2,3,1,1,5,4,5,5,3,3,3,3,3,2,5,1,1,4,1,4,2,1,1,2,15,10,13,6,5,7,38
40709,2,1,3,4,3,5,3,1,1,5,3,5,5,3,3,3,2,1,2,3,1,1,2,5,4,2,3,1,3,16,12,11,6,6,6,39
40710,2,1,2,4,3,5,3,2,1,5,1,4,4,4,1,1,3,1,2,3,1,1,3,2,3,1,1,1,2,17,9,12,7,2,6,38
40712,3,1,2,4,3,5,3,2,1,5,3,1,5,3,3,4,1,1,2,2,1,4,4,2,2,2,5,2,3,13,10,14,5,5,7,37
40715,3,2,1,4,3,5,2,3,1,4,3,5,5,4,3,4,5,4,2,5,3,3,2,2,3,2,1,1,3,17,5,9,7,1,5,31
40717,2,1,2,4,3,2,2,2,2,2,1,5,4,3,3,4,3,4,2,3,3,4,2,2,3,3,2,3,1,14,10,9,6,5,5,33
40718,2,1,1,2,3,2,2,1,1,2,3,5,5,3,4,4,3,3,3,4,3,3,1,1,3,2,3,3,1,9,10,13,3,5,7,32
40719,3,1,4,2,1,1,3,4,3,4,4,2,4,3,2,5,1,4,2,2,3,2,2,2,3,2,1,1,2,17,8,8,7,3,4,33
40723,3,1,1,3,3,3,1,1,1,5,3,5,1,2,3,4,3,3,2,4,4,5,4,1,2,2,3,3,3,12,16,15,5,8,8,43
40724,2,1,2,3,3,3,3,2,1,5,5,4,5,3,3,5,5,3,2,5,1,1,2,2,3,2,5,1,1,14,10,15,6,5,8,39
40726,2,1,2,4,3,5,2,1,1,5,3,5,5,5,5,4,3,1,4,4,3,5,1,3,4,2,4,1,2,10,8,16,4,3,8,34
40727,3,1,2,4,3,2,2,3,1,4,2,4,4,2,3,4,2,4,1,2,3,2,2,2,2,2,2,1,2,17,5,14,7,1,7,36
40729,3,1,4,3,1,1,3,4,2,4,4,3,4,3,1,3,1,4,2,3,3,2,2,1,3,1,1,1,1,14,13,14,6,6,7,41
40730,3,1,2,4,3,1,2,2,2,2,4,5,5,3,4,1,1,3,3,5,3,5,3,2,2,2,1,1,2,11,18,16,4,10,8,45
40731,3,1,2,2,3,1,3,1,3,5,4,5,4,2,1,2,1,3,4,5,3,5,4,2,1,2,1,3,2,8,15,18,3,8,9,41
40733,2,1,3,3,3,3,3,2,1,5,4,5,5,1,4,2,3,3,3,5,3,2,2,2,3,2,3,6,2,14,14,13,6,7,7,41
40734,2,1,2,4,3,5,2,1,1,5,1,4,4,4,3,4,2,5,1,3,1,1,1,1,2,1,2,3,2,16,10,10,6,5,5,36
40735,3,1,2,4,3,1,2,5,3,4,1,3,2,3,1,2,1,4,2,3,1,3,2,4,3,2,1,1,1,20,9,11,8,2,6,40
40736,3,1,2,4,3,1,2,3,1,1,4,3,4,3,2,4,1,3,1,2,1,2,2,2,3,2,1,1,2,13,9,12,5,2,6,34
40738,2,1,1,4,3,2,2,3,1,5,4,2,4,3,2,3,2,3,1,2,3,2,2,2,3,4,5,1,2,18,13,12,7,6,6,43
40739,2,1,4,4,3,5,2,3,1,5,1,2,2,4,1,1,1,2,1,3,3,2,3,1,3,4,3,2,1,15,4,12,6,1,6,31
40740,2,1,4,3,3,3,2,3,1,5,1,2,4,3,2,4,2,4,2,3,1,1,2,3,3,3,5,1,2,18,11,11,7,5,6,40
40745,2,1,5,2,1,2,2,2,2,5,3,5,5,3,4,3,3,2,3,5,1,2,2,4,2,2,3,1,2,14,14,15,6,7,8,43
40753,2,1,2,4,3,5,2,1,3,5,4,3,5,2,4,2,1,1,3,4,1,4,4,2,1,2,1,1,2,13,7,9,5,3,5,29
40754,2,1,2,3,4,4,3,1,3,5,4,5,5,1,3,4,5,1,2,5,3,2,3,1,5,2,3,1,3,13,13,9,5,6,5,35
40757,2,1,2,4,3,5,2,2,2,5,3,5,3,4,3,5,5,1,3,5,3,4,4,4,3,4,3,1,5,13,13,14,5,6,7,40
40761,3,1,2,4,3,2,2,2,1,5,3,2,2,2,1,4,2,1,2,3,1,1,3,3,3,1,1,1,3,16,4,11,6,1,6,31
40762,2,1,4,2,1,2,3,1,1,5,1,2,4,3,2,4,2,1,2,3,3,3,3,1,1,2,1,1,3,13,12,11,5,6,6,36
40763,3,1,2,2,3,1,2,3,1,4,4,5,4,3,3,3,2,1,2,3,3,2,3,2,3,2,2,1,2,16,11,12,6,5,6,39
40764,3,1,2,4,3,1,2,3,1,4,4,4,4,3,3,3,1,1,1,3,2,1,3,2,2,2,1,1,1,11,8,14,4,3,7,33
40765,3,1,2,1,1,1,3,4,1,3,4,5,4,3,3,3,2,1,2,4,3,3,3,2,2,2,1,1,2,14,5,16,6,1,8,35
40767,2,1,5,2,1,2,2,3,3,5,4,3,5,2,2,4,2,1,2,3,1,1,1,1,3,2,2,1,2,13,9,13,5,2,7,35
40768,3,1,1,4,3,1,2,3,2,3,1,2,2,3,1,4,2,1,2,3,3,1,4,3,3,2,5,1,3,15,6,14,6,2,7,35
40770,2,1,2,2,2,2,3,3,3,5,3,4,4,3,4,4,2,1,1,3,3,1,2,2,2,2,2,1,1,19,4,12,8,1,6,35
40771,2,1,1,4,3,4,2,2,1,5,1,1,4,4,3,4,2,5,2,2,3,1,1,2,3,3,1,1,2,19,6,5,8,2,3,30
40772,2,1,1,2,1,1,3,4,1,5,3,5,5,1,4,5,5,3,2,5,1,5,1,4,1,2,1,1,2,18,12,12,7,6,6,42
40773,2,1,5,2,1,1,3,3,2,5,4,5,4,3,2,4,2,3,2,3,1,2,2,1,2,1,1,1,2,17,8,9,7,3,5,34
40775,3,1,2,4,3,2,2,2,1,2,5,2,2,3,2,4,5,5,2,3,3,2,1,2,3,5,5,1,1,21,4,9,9,1,5,34
40776,3,1,4,4,3,1,1,1,2,2,1,4,2,3,2,3,1,4,2,3,3,4,2,3,1,5,5,1,2,19,14,8,8,7,4,41
40777,3,1,1,4,3,3,2,2,1,5,3,2,4,4,3,3,2,5,2,2,3,1,1,4,3,2,2,1,2,17,8,8,7,3,4,33
40778,2,1,2,2,1,2,2,2,2,3,5,5,5,4,4,4,2,3,5,5,3,3,4,3,2,2,5,6,2,9,16,12,3,8,6,37
40779,2,1,1,4,3,5,2,1,2,4,5,5,5,3,3,4,2,3,5,5,3,3,5,5,3,2,3,1,2,12,8,10,5,3,5,30
40780,3,1,2,5,3,1,2,2,2,2,5,2,5,4,3,5,1,1,5,5,1,2,3,3,2,2,5,4,2,8,8,16,3,3,8,32
40784,2,5,2,4,3,3,2,1,1,5,3,3,4,2,2,5,5,5,2,5,3,2,2,4,2,2,1,5,2,13,11,13,5,5,7,37
40785,3,7,2,3,3,4,3,2,1,4,3,4,5,2,2,4,2,1,2,1,3,1,2,2,2,2,2,1,3,17,8,15,7,3,8,40
40786,2,2,1,2,3,2,3,4,2,5,4,5,5,2,3,4,2,5,2,5,3,3,2,4,1,2,1,1,3,13,8,13,5,3,7,34
40787,2,7,3,4,3,5,3,1,1,5,3,4,5,2,2,4,2,1,1,3,3,1,2,2,3,2,3,1,3,12,6,13,5,2,7,31
40788,3,3,4,4,3,1,3,3,1,5,4,4,5,1,1,4,1,3,2,1,3,1,2,1,1,2,4,1,1,16,12,7,6,6,4,35
40789,3,1,1,4,5,1,1,5,1,5,1,1,2,3,1,2,1,3,5,5,3,1,3,2,2,2,1,1,3,13,11,11,5,5,6,35
40792,3,1,5,5,3,5,1,1,1,5,3,5,5,5,4,4,5,1,4,5,3,2,5,4,4,2,1,1,2,14,15,15,6,8,8,44
40793,2,1,1,3,3,3,2,1,1,5,3,5,5,3,4,4,5,1,4,5,3,2,3,4,3,2,1,1,2,13,18,16,5,10,8,47
40794,3,1,1,3,3,2,1,1,1,5,3,5,5,5,4,4,5,1,4,5,3,2,5,4,4,2,1,1,2,14,14,15,6,7,8,43
40795,2,1,5,4,3,3,1,1,1,5,3,5,4,3,2,4,5,5,4,5,3,2,3,4,4,2,1,1,2,11,14,15,4,7,8,40
40796,2,1,2,3,3,4,3,2,1,2,4,5,5,3,3,4,2,3,1,3,3,2,2,2,3,2,2,1,2,13,20,11,5,10,6,44
40797,2,1,1,4,3,5,3,1,4,5,3,5,5,2,4,4,3,1,3,5,3,5,3,3,4,2,4,1,3,11,13,17,4,6,9,41
40799,3,2,3,1,3,2,4,5,2,3,2,2,2,3,2,3,2,3,3,2,3,3,2,2,2,3,4,6,3,11,16,13,4,8,7,40
40800,2,3,2,2,3,2,2,2,3,3,2,2,2,3,2,2,2,3,3,2,2,2,3,3,4,4,3,2,3,15,12,13,6,6,7,40
40803,2,1,1,4,3,4,3,2,1,5,3,5,4,3,4,4,2,1,2,3,2,3,3,2,3,2,1,4,3,13,10,12,5,5,6,35
40804,2,1,1,2,3,3,3,3,1,5,1,5,5,4,3,5,2,3,2,5,3,2,3,2,3,2,3,1,2,14,15,16,6,8,8,45
40805,3,1,1,3,3,2,2,2,2,3,3,3,4,3,3,2,1,1,2,5,3,3,2,3,3,2,1,3,3,15,15,11,6,8,6,41
40808,2,1,1,3,3,2,3,1,2,5,3,4,4,3,3,4,3,3,2,2,1,1,3,2,1,2,2,3,3,17,11,16,7,5,8,44
40810,2,1,2,4,3,3,3,3,1,4,3,5,4,4,3,3,4,2,2,5,2,1,2,1,3,2,4,1,1,18,10,13,7,5,7,41
40811,3,1,5,5,3,1,2,2,2,5,3,4,4,3,3,4,3,3,2,2,1,1,3,2,1,2,2,3,3,18,12,13,7,6,7,43
40815,2,1,1,3,3,2,3,1,2,5,3,4,4,3,3,4,3,3,2,2,1,1,3,2,1,2,2,3,3,19,11,16,8,5,8,46
40816,2,1,2,2,1,2,2,1,3,5,4,5,4,2,3,4,2,2,2,3,3,1,1,1,2,2,1,6,2,15,14,12,6,7,6,41
40817,3,1,2,4,3,1,2,5,1,5,4,4,4,3,2,2,1,2,1,3,3,1,4,1,3,2,1,1,1,17,9,10,7,2,5,36
40819,2,1,2,4,3,5,2,2,5,5,5,5,5,4,3,5,5,5,2,3,3,1,2,5,4,2,5,3,2,20,8,12,8,3,6,40
40820,2,1,2,2,3,2,3,3,1,5,3,4,4,2,1,4,2,3,2,5,3,2,2,4,1,2,2,1,2,16,9,10,6,2,5,35
40821,2,1,1,4,3,5,3,2,1,5,3,4,5,3,3,4,2,2,1,3,1,1,2,2,2,2,1,1,2,19,6,10,8,2,5,35
40822,3,1,1,4,3,2,1,1,3,5,3,5,5,1,4,4,2,1,4,5,3,5,4,4,3,2,3,3,3,6,14,21,2,7,10,41
40823,2,1,2,3,3,4,3,1,3,5,4,4,5,1,4,4,1,1,3,4,3,3,4,2,2,2,3,3,3,10,14,17,4,7,9,41
40824,2,1,5,4,3,5,3,1,2,5,3,3,3,3,2,2,3,4,2,3,1,1,2,2,3,1,1,1,2,14,8,7,6,3,4,29
40825,2,1,2,3,3,3,3,2,2,5,4,5,4,5,4,3,1,4,3,5,1,3,2,2,3,2,1,2,5,13,7,13,5,3,7,33
40827,3,2,2,5,3,5,3,2,1,5,1,4,4,2,3,3,3,1,2,3,3,2,3,1,1,1,3,3,3,13,10,12,5,5,6,35
40828,2,2,3,4,4,5,3,2,1,5,1,4,4,3,2,4,2,3,2,3,1,1,2,2,2,2,1,1,2,18,9,13,7,2,7,40
40830,3,2,2,2,1,2,3,3,2,5,3,5,5,3,4,4,3,5,2,3,3,4,3,5,3,2,3,1,3,9,15,15,3,8,8,39
40832,3,2,2,2,1,2,2,1,1,5,1,5,5,4,3,4,3,3,3,3,1,2,2,4,2,2,1,1,1,14,13,12,6,6,6,39
40833,2,2,1,4,3,5,3,1,1,5,3,5,2,3,3,3,1,4,2,3,1,1,2,4,3,2,1,1,2,23,8,7,10,3,4,38
40834,2,2,5,5,3,5,4,2,2,5,5,5,5,4,5,4,5,1,1,3,1,1,2,1,3,2,3,1,4,20,6,5,8,2,3,31
40837,3,2,2,1,1,1,2,3,2,5,1,5,5,4,4,4,3,2,3,5,3,4,2,4,4,2,1,1,2,13,14,17,5,7,9,44
40849,3,2,3,4,3,5,3,2,1,5,3,5,5,3,3,5,3,3,2,3,3,1,2,3,4,2,2,1,3,16,11,7,6,5,4,34
40852,3,1,1,2,1,1,3,5,4,5,4,3,4,4,1,3,1,3,2,2,3,1,2,2,2,2,1,1,2,15,9,12,6,2,6,36
40853,3,1,2,5,3,4,1,3,3,2,5,3,3,4,2,3,3,1,5,3,3,3,4,3,4,2,5,1,2,12,11,14,5,5,7,37
40855,2,1,1,4,4,5,3,1,4,5,3,5,5,4,3,4,2,2,3,3,1,4,2,2,3,4,2,1,3,14,14,13,6,7,7,41
40856,3,1,2,2,1,1,4,2,2,5,1,4,5,4,2,3,2,4,1,2,3,1,3,2,1,2,3,1,2,11,10,11,4,5,6,32
40860,3,1,2,2,2,1,4,4,1,5,1,5,5,3,3,1,1,2,3,3,3,1,1,1,1,3,1,1,2,14,8,12,6,3,6,34
40861,2,1,1,4,3,5,4,1,1,5,3,5,5,3,4,4,2,1,2,3,1,1,3,4,4,2,1,3,5,12,11,11,5,5,6,34
40863,3,1,2,4,3,1,3,3,1,5,4,2,4,3,2,3,2,5,2,2,3,2,1,2,2,2,1,1,1,15,9,10,6,2,5,34
40865,2,2,2,4,3,5,2,2,1,3,3,4,4,3,2,4,2,3,2,3,3,1,3,2,3,3,1,1,1,16,17,17,6,9,9,50
40866,3,2,2,2,2,1,4,2,1,5,4,5,4,2,3,4,2,3,2,5,3,2,2,3,4,2,1,1,2,11,11,15,4,5,8,37
40867,2,2,2,3,3,3,3,2,1,5,5,5,5,3,1,5,5,3,3,5,3,1,2,3,2,5,1,4,2,19,5,10,8,1,5,34
40872,2,2,3,2,1,1,4,3,3,5,4,5,5,3,4,3,2,5,2,5,3,2,2,4,3,2,5,1,2,18,10,5,7,5,3,33
40873,3,2,2,4,3,5,3,2,1,5,4,5,4,3,3,4,2,5,2,5,3,1,2,5,3,2,5,1,1,13,16,8,5,8,4,37
50001,1,3,2,4,3,5,4,2,1,5,3,5,4,2,5,2,4,4,2,4,1,3,4,5,3,4,2,1,2,13,10,18,5,5,9,41
50002,3,1,2,3,3,1,2,2,1,5,4,2,4,2,3,2,1,2,2,3,3,2,3,2,3,4,1,1,2,13,12,10,5,6,5,35
50003,3,1,3,4,3,5,3,3,2,4,5,5,5,4,2,4,1,3,2,3,1,1,2,2,3,3,1,1,2,16,5,10,6,1,5,31
50004,1,4,5,3,3,2,4,1,2,5,5,2,4,3,3,4,3,5,2,3,1,1,2,3,2,2,5,6,3,13,12,10,5,6,5,35
50005,1,1,2,3,3,5,2,2,2,4,5,4,4,3,3,4,2,1,2,3,3,1,2,2,2,1,2,1,2,16,7,12,6,3,6,35
50006,1,1,2,2,1,2,3,2,1,5,5,5,5,2,3,4,3,3,2,5,3,2,2,1,1,2,1,1,5,10,15,14,4,8,7,39
50007,3,4,2,4,3,5,3,2,2,4,1,2,4,4,2,4,2,2,2,3,3,1,2,2,3,3,1,1,2,14,10,12,6,5,6,36
50008,1,3,2,4,3,5,4,1,2,4,5,5,3,3,3,3,5,5,2,3,3,1,1,2,3,1,3,1,1,15,6,12,6,2,6,33
50009,1,4,5,4,3,5,4,3,1,2,1,3,4,4,2,3,3,2,2,3,1,1,2,2,1,3,5,1,2,14,4,9,6,1,5,27
50010,1,4,2,4,3,5,5,2,1,3,3,4,4,4,2,4,2,2,2,3,1,1,2,4,3,5,5,1,2,15,3,7,6,1,4,25
50011,1,1,1,3,3,2,4,2,2,5,5,5,5,3,3,2,4,2,2,3,3,2,2,4,3,3,5,1,5,11,5,14,4,1,7,30
50012,1,1,3,3,3,4,4,1,1,4,3,5,5,4,3,4,3,2,2,4,3,2,2,1,2,3,3,1,4,10,8,16,4,3,8,34
50013,1,1,4,2,1,2,4,3,1,5,5,5,5,3,3,5,5,3,2,3,1,2,2,2,1,1,5,1,2,18,7,7,7,3,4,32
50014,1,4,1,3,3,2,4,2,1,4,1,4,2,3,2,2,3,2,2,3,1,1,2,2,2,2,4,1,2,13,11,12,5,5,6,36
50015,3,4,4,3,3,3,3,2,2,2,4,4,5,4,3,4,1,2,2,3,3,1,3,2,3,2,3,1,2,14,7,10,6,3,5,31
50016,3,1,2,3,1,1,3,3,2,5,2,2,3,2,2,1,2,2,5,2,3,1,4,3,2,2,2,1,5,15,10,10,6,5,5,35
50017,1,1,4,3,3,2,3,2,1,4,5,4,4,2,2,3,3,1,2,2,3,1,2,2,2,3,1,1,2,15,5,8,6,1,4,28
50018,1,2,2,2,1,1,4,2,1,5,1,1,2,3,3,2,3,2,2,3,2,1,2,1,1,1,3,1,3,12,16,12,5,8,6,40
50019,1,2,2,2,1,1,4,3,1,5,1,2,4,3,2,3,3,2,3,3,1,3,2,4,2,1,3,1,2,16,4,13,6,1,7,33
50020,1,2,2,2,1,1,4,2,1,4,1,2,3,3,2,5,5,2,2,2,1,1,2,3,2,3,1,1,1,21,6,4,9,2,2,31
50021,1,1,1,3,3,3,4,2,2,4,3,4,4,4,3,3,4,2,2,3,1,2,2,2,1,2,2,3,2,13,16,16,5,8,8,45
50022,3,2,3,3,3,2,3,3,1,5,3,5,4,3,3,2,2,5,2,2,3,2,3,3,3,2,1,1,2,14,5,9,6,1,5,28
50023,1,2,2,3,3,2,4,3,2,4,2,4,4,3,2,2,5,2,2,2,3,1,2,2,2,2,3,1,2,11,3,11,4,1,6,25
50024,1,1,4,2,3,2,4,5,1,4,4,4,2,2,1,4,2,1,2,3,3,2,2,2,3,1,1,6,2,20,15,13,8,8,7,48
50025,1,1,5,3,3,2,4,2,1,3,4,5,4,3,2,3,3,2,2,3,1,1,2,2,3,2,3,1,2,16,4,9,6,1,5,29
50027,1,4,2,2,2,1,4,2,2,4,5,4,4,2,4,4,4,3,2,5,3,2,1,2,1,2,1,1,2,15,10,16,6,5,8,41
50028,1,4,2,2,3,2,4,2,1,5,5,5,4,3,4,3,2,3,2,4,3,1,2,2,2,2,3,1,4,7,9,12,2,2,6,28
50029,1,1,1,4,3,5,4,1,1,4,5,4,5,4,3,4,2,2,2,3,2,2,2,3,3,2,1,2,3,12,9,8,5,2,4,29
50030,1,4,2,3,3,2,4,1,1,4,1,2,2,3,2,2,1,2,2,3,2,2,2,2,2,3,3,1,2,16,8,11,6,3,6,35
50031,1,1,2,3,3,2,4,2,2,3,4,4,4,3,2,3,3,2,2,2,1,1,2,2,2,2,3,1,1,15,12,14,6,6,7,41
50032,1,1,3,3,3,2,4,4,1,4,3,2,5,4,3,5,3,2,5,4,4,2,3,1,3,2,3,3,3,11,10,10,4,5,5,31
50033,1,4,2,2,3,1,4,2,1,4,1,5,5,3,3,2,3,2,2,3,3,1,1,2,1,2,2,1,1,15,8,10,6,3,5,33
50034,1,4,4,2,2,1,5,2,1,4,3,4,4,3,1,3,5,2,1,3,3,1,2,2,2,2,4,1,2,12,6,13,5,2,7,31
50035,1,1,2,4,3,4,4,2,3,3,3,4,4,3,4,4,3,1,3,4,1,3,3,3,5,2,3,3,3,11,15,20,4,8,10,46
50036,3,4,4,2,2,2,3,3,2,5,4,4,4,3,2,4,2,2,2,3,3,1,2,3,3,2,2,6,3,18,11,11,7,5,6,40
50037,1,1,1,3,3,3,4,2,1,5,3,5,5,4,4,3,3,2,2,3,3,1,1,4,2,2,2,6,3,16,8,11,6,3,6,35
50038,5,3,5,4,3,4,4,2,1,6,1,4,4,4,2,3,5,1,2,3,3,1,2,4,1,1,5,1,2,16,14,10,6,7,5,40
50039,3,1,5,4,3,2,3,3,3,4,4,4,2,3,3,2,3,2,2,3,3,1,3,4,3,1,2,1,3,12,10,15,5,5,8,37
50041,1,1,1,3,3,2,5,2,2,4,5,4,4,3,2,3,4,2,2,3,1,1,2,3,2,1,5,1,2,16,6,9,6,2,5,31
50043,1,1,2,3,3,3,4,1,1,4,1,5,5,4,3,4,1,2,2,5,3,2,2,2,3,2,3,1,5,12,7,14,5,3,7,33
50044,1,2,1,3,3,3,5,2,2,4,3,5,4,4,3,5,5,2,2,3,2,3,3,2,2,4,5,3,5,9,13,16,3,6,8,38
50045,1,4,2,3,3,3,4,2,1,4,1,4,4,3,2,2,3,5,2,3,1,2,1,4,2,1,3,4,5,20,12,9,8,6,5,41
50046,1,1,5,4,3,5,3,2,1,5,3,5,3,2,4,4,3,4,2,3,3,2,3,4,2,2,2,1,2,15,9,10,6,2,5,34
50049,2,1,4,3,3,3,4,2,2,4,1,5,5,1,3,5,3,2,2,5,3,2,2,4,2,2,2,1,5,14,10,11,6,5,6,35
50050,1,1,3,3,3,3,4,3,1,4,4,4,4,3,3,5,4,2,2,5,3,2,2,4,3,4,2,1,3,17,6,10,7,2,5,33
50051,1,1,2,3,3,2,4,2,2,5,1,2,5,3,3,4,5,1,2,3,1,2,3,2,2,1,3,1,3,15,12,10,6,6,5,37
50052,1,1,2,3,3,3,4,1,1,4,3,5,5,1,5,3,3,2,3,5,1,1,4,4,4,2,2,3,3,16,10,12,6,5,6,38
50053,2,1,2,3,3,3,4,1,1,4,3,5,4,4,3,4,3,2,2,5,1,1,3,2,2,2,5,3,3,10,12,8,4,6,4,30
50056,1,4,2,3,3,3,4,1,3,4,5,4,4,3,2,4,3,2,2,3,1,2,2,2,2,2,2,1,2,18,9,10,7,2,5,37
50057,1,1,3,3,3,2,4,2,1,3,5,5,5,2,3,2,2,3,2,3,3,2,2,2,3,2,2,1,2,14,11,12,6,5,6,37
50058,1,1,3,3,3,3,4,2,1,4,4,4,2,3,2,3,5,3,1,2,1,1,2,2,2,3,2,3,2,17,7,14,7,3,7,38
50059,1,1,2,3,3,2,4,2,2,4,4,5,5,3,4,4,3,2,5,4,3,1,2,4,3,2,4,3,3,13,8,13,5,3,7,34
50060,1,2,3,2,3,2,4,2,1,5,2,4,5,5,3,5,3,1,2,5,3,1,3,4,2,2,5,1,3,14,10,9,6,5,5,33
50061,1,2,2,2,2,1,5,3,2,5,5,4,4,4,3,5,4,2,2,3,1,1,3,2,2,2,3,1,3,14,11,12,6,5,6,37
50062,1,2,2,3,3,2,4,2,1,4,4,2,4,2,2,2,3,2,3,3,1,1,2,2,2,2,1,1,3,14,7,9,6,3,5,30
50063,1,1,4,2,1,2,4,2,1,4,1,4,5,4,3,5,5,2,2,5,1,3,4,5,3,3,5,6,2,14,11,13,6,5,7,38
50064,1,4,5,3,3,2,4,1,2,4,1,5,5,4,4,3,3,2,3,4,3,3,4,2,2,2,2,3,4,9,16,21,3,8,10,46
50066,1,4,2,3,3,2,4,3,1,4,1,5,5,2,3,4,2,2,2,5,3,2,2,4,1,2,1,6,2,14,2,10,6,1,5,26
50067,1,1,2,4,3,3,4,3,1,3,1,4,5,3,3,4,3,2,2,3,1,1,4,4,2,2,1,1,2,13,7,15,5,3,8,35
50070,1,1,3,3,3,2,4,2,1,4,3,4,4,4,2,3,2,3,2,3,1,1,2,2,2,4,2,1,2,16,11,12,6,5,6,39
50071,1,4,2,3,3,2,4,2,3,4,1,4,4,4,3,3,3,2,2,3,3,1,2,4,2,2,1,1,3,14,10,13,6,5,7,37
50072,1,1,2,2,3,1,4,3,1,4,1,5,5,3,4,5,3,2,3,5,3,1,3,4,1,2,3,3,3,10,8,11,4,3,6,29
50073,1,2,2,3,3,2,3,2,4,5,3,4,5,2,3,4,3,3,5,5,3,3,3,2,1,2,4,3,2,9,12,13,3,6,7,34
50074,1,2,2,3,3,2,3,1,1,5,2,2,5,3,2,2,3,1,2,4,3,2,5,2,2,2,3,1,4,17,4,10,7,1,5,31
50076,1,1,2,2,3,2,4,2,2,5,4,4,5,2,2,3,3,3,3,3,1,1,2,2,1,2,3,3,2,13,14,13,5,7,7,40
50077,1,1,1,3,3,3,3,2,1,4,1,4,4,2,3,3,2,3,2,3,1,1,2,2,1,2,1,1,2,18,7,10,7,3,5,35
50078,1,1,2,2,1,2,4,2,1,5,1,4,4,4,2,2,1,2,2,3,3,2,2,2,2,2,1,1,2,14,10,14,6,5,7,38
50079,1,3,2,2,3,2,5,2,2,5,1,5,5,4,2,3,2,2,2,3,1,1,1,2,2,2,1,3,3,15,7,11,6,3,6,33
50080,1,1,3,2,1,2,4,3,1,4,4,4,4,4,2,2,3,2,2,3,1,1,3,2,1,1,3,1,1,13,17,12,5,9,6,42
50081,1,2,2,2,3,2,5,2,2,4,1,4,5,4,2,4,1,3,2,5,1,1,3,2,2,2,3,1,2,19,8,8,8,3,4,35
50083,1,2,4,3,3,2,4,2,1,3,1,5,5,1,5,5,5,3,3,4,2,2,4,4,4,2,5,3,5,13,12,12,5,6,6,37
50084,1,1,1,2,3,2,4,2,2,4,1,5,5,4,4,3,3,2,2,4,3,2,3,4,4,2,3,3,5,15,6,13,6,2,7,34
50085,1,1,1,4,3,4,4,1,1,3,1,5,5,4,3,5,4,2,2,5,1,5,3,1,4,2,1,3,3,8,17,20,3,9,10,45
50086,1,2,2,4,3,5,3,3,1,5,4,5,5,2,2,2,3,1,2,3,1,1,2,2,2,2,4,1,2,8,13,13,3,6,7,34
50087,1,4,2,3,3,3,4,1,2,3,3,5,5,4,3,3,2,2,2,3,3,2,3,2,3,2,3,1,3,14,13,15,6,6,8,42
50088,1,1,5,3,3,3,4,2,2,4,1,2,4,3,2,4,1,3,2,2,1,2,2,2,2,2,3,1,3,17,6,13,7,2,7,36
50089,1,4,2,3,3,2,4,1,1,4,1,4,2,4,3,3,3,2,1,3,3,1,2,3,2,2,3,3,2,15,8,15,6,3,8,38
50091,1,4,2,3,3,2,4,1,1,3,1,4,5,4,1,2,3,2,2,4,1,1,1,3,2,5,4,1,1,16,6,8,6,2,4,30
50092,1,1,2,3,3,3,4,1,2,4,1,2,4,3,2,2,3,2,2,3,3,1,3,4,2,3,2,3,3,14,12,19,6,6,10,45
50095,1,1,2,3,3,3,4,1,2,4,4,4,4,4,2,2,3,2,2,3,3,2,2,2,3,2,1,1,2,9,8,15,3,3,8,32
50096,1,1,2,3,3,3,5,2,2,3,1,5,5,5,3,2,5,2,2,3,1,2,4,4,2,5,2,1,3,21,5,8,9,1,4,34
50098,1,4,4,3,3,2,4,3,1,4,2,2,2,4,2,4,5,3,2,2,3,1,2,2,2,3,3,1,2,16,8,8,6,3,4,32
50099,1,1,2,3,3,3,3,3,1,3,3,5,5,4,3,4,1,3,1,3,3,2,4,3,2,2,3,1,3,12,11,13,5,5,7,36
50101,1,1,1,3,3,2,4,2,2,4,4,4,4,2,3,4,4,2,2,3,1,1,2,2,2,1,5,1,2,15,6,13,6,2,7,34
50103,1,1,2,3,3,3,4,1,1,5,4,5,5,4,3,3,3,3,2,3,1,2,3,3,2,2,2,1,2,14,11,8,6,5,4,33
50107,1,1,2,3,3,2,5,2,1,5,3,4,5,4,3,4,4,2,1,1,1,2,3,1,1,4,1,1,2,17,8,14,7,3,7,39
50108,1,1,2,4,3,5,3,1,2,5,5,5,5,2,3,4,1,5,2,3,1,2,4,1,2,2,1,3,2,15,10,14,6,5,7,39
50109,1,4,2,3,3,3,5,2,1,3,1,4,4,4,2,4,2,3,2,3,1,1,3,2,2,1,5,1,2,15,5,10,6,1,5,30
50111,1,2,2,3,3,3,5,2,1,4,1,4,5,2,2,4,1,2,2,3,3,2,3,3,3,2,2,2,3,15,10,11,6,5,6,36
50112,1,1,2,4,3,5,3,1,1,4,3,5,5,3,3,3,3,2,2,3,1,1,2,1,2,2,1,1,2,18,6,11,7,2,6,35
50113,1,1,2,4,3,5,3,2,2,4,1,2,5,4,3,1,3,3,5,5,1,2,3,1,2,1,4,3,3,11,6,15,4,2,8,32
50114,1,1,2,3,3,2,4,1,2,3,4,5,5,2,4,2,3,1,3,5,1,3,4,4,3,2,1,1,3,13,5,11,5,1,6,29
50116,1,4,5,4,3,5,3,1,1,5,5,5,5,4,3,3,5,3,2,5,1,1,2,2,2,2,1,1,2,12,17,10,5,9,5,39
50117,5,4,1,3,3,2,4,2,1,3,3,5,5,5,3,3,5,2,2,5,1,1,1,4,1,5,5,4,3,14,9,12,6,2,6,35
50118,2,1,3,4,2,5,3,2,1,4,3,4,4,3,3,4,1,1,2,3,1,2,2,2,1,2,1,1,2,18,7,5,7,3,3,30
50120,2,2,2,3,3,3,4,1,2,3,3,5,5,2,4,5,3,2,2,4,1,3,4,1,2,2,2,3,3,10,6,12,4,2,6,28
50122,1,4,2,3,3,3,4,2,2,4,1,2,5,4,2,2,3,2,3,3,1,1,2,2,2,2,4,1,3,14,8,15,6,3,8,37
50123,1,1,2,4,3,4,3,2,1,5,1,2,4,3,2,4,3,2,2,3,1,1,2,4,2,3,2,1,3,12,13,14,5,6,7,39
50124,1,1,2,4,3,5,3,1,2,4,3,5,5,3,3,3,4,5,2,3,1,1,3,2,2,2,5,3,3,9,13,16,3,6,8,38
50125,1,1,2,3,3,2,4,2,2,5,3,5,5,2,3,5,4,3,1,2,1,2,2,2,2,2,2,1,2,18,9,12,7,2,6,39
50126,1,2,2,2,3,2,3,2,2,4,1,4,2,4,3,3,4,3,1,3,1,1,3,4,1,2,1,1,3,11,10,11,4,5,6,32
50127,1,2,4,3,3,3,4,2,1,4,2,5,5,2,5,3,4,3,1,2,3,2,2,3,2,2,1,2,2,17,8,11,7,3,6,36
50128,1,1,5,3,3,5,3,2,2,5,4,1,1,2,4,4,1,3,2,5,1,2,4,4,2,2,1,3,2,12,7,17,5,3,9,36
50129,1,1,2,3,3,2,4,3,2,4,5,5,5,3,3,5,3,1,2,3,1,2,3,4,2,2,1,3,3,15,10,12,6,5,6,37
50130,1,4,4,3,2,2,4,2,2,5,4,5,4,3,2,2,3,2,3,2,4,2,3,2,4,2,4,4,3,11,9,16,4,2,8,36
50131,1,4,2,3,3,2,4,2,1,4,3,5,5,4,4,4,3,2,2,3,1,2,3,2,2,2,1,1,5,15,10,13,6,5,7,38
50136,1,1,3,2,3,2,4,2,2,5,1,3,5,4,3,4,2,3,2,2,1,1,2,2,2,2,1,1,2,15,9,8,6,2,4,32
50137,1,2,2,2,3,2,4,2,2,5,5,5,5,4,3,5,3,5,2,3,1,2,3,1,2,2,2,3,2,12,13,9,5,6,5,34
50138,1,2,5,3,1,2,4,3,1,4,4,5,5,2,3,5,5,5,2,5,1,2,4,4,2,2,1,3,2,9,14,16,3,7,8,39
50140,1,1,3,2,1,2,4,2,2,4,1,4,5,3,3,3,3,2,2,3,2,2,3,3,2,2,3,3,2,16,10,12,6,5,6,38
50141,1,1,2,2,3,2,4,2,1,4,1,2,5,3,2,4,4,3,2,3,1,1,2,2,1,2,3,1,2,16,4,11,6,1,6,31
50143,1,4,3,3,3,2,4,2,1,4,5,5,5,4,2,3,1,3,2,5,3,2,4,4,2,2,2,1,2,13,12,14,5,6,7,39
50146,1,1,5,3,3,3,4,2,1,4,5,5,5,2,2,4,1,2,2,5,1,2,2,4,2,2,4,1,2,12,10,12,5,5,6,34
50147,1,1,3,4,3,4,3,3,1,4,3,5,4,3,2,4,1,1,2,5,3,1,2,1,2,2,1,3,2,15,12,14,6,6,7,41
50148,1,4,2,3,3,3,5,1,1,5,3,5,5,4,4,4,3,2,3,5,1,3,4,2,2,5,4,3,3,9,16,13,3,8,7,38
50150,2,4,3,3,3,2,4,2,1,5,1,2,4,4,2,2,3,2,2,3,2,2,1,1,2,2,3,4,2,11,3,11,4,1,6,25
50151,1,4,1,3,3,3,5,2,2,4,1,2,2,4,3,3,2,2,2,3,2,1,2,2,1,1,1,1,2,16,9,14,6,2,7,39
50152,1,1,4,3,3,2,4,2,2,4,4,5,4,3,2,3,2,2,2,3,1,1,2,4,2,3,1,5,2,16,9,13,6,2,7,38
50153,1,1,3,2,3,2,5,2,2,4,3,5,5,3,5,4,3,2,3,5,2,2,3,4,1,2,1,3,1,13,6,9,5,2,5,28
50155,1,1,2,3,3,2,5,2,1,4,3,5,5,1,3,4,3,2,2,5,3,2,2,2,2,1,3,1,3,11,10,10,4,5,5,31
50156,1,4,3,3,3,3,5,2,1,5,4,5,5,3,3,3,1,2,2,3,1,2,2,1,2,1,1,1,2,13,9,10,5,2,5,32
50157,1,2,2,3,3,3,4,3,1,5,4,5,5,3,3,2,3,2,2,3,1,1,4,4,1,2,1,1,2,14,7,12,6,3,6,33
50159,1,1,1,3,3,3,5,3,3,4,3,5,5,3,4,3,1,1,2,4,1,2,2,4,3,2,1,1,3,5,14,13,1,7,7,32
50160,2,1,4,3,3,2,4,1,2,4,1,5,5,3,4,3,3,2,2,5,1,2,2,1,2,2,1,1,2,14,11,11,6,5,6,36
50161,1,1,1,3,3,3,4,2,3,4,5,5,5,3,4,2,2,1,2,3,1,2,3,2,3,2,1,1,2,12,11,14,5,5,7,37
50162,1,1,1,3,3,3,4,1,1,2,1,4,2,2,4,2,2,2,2,2,2,3,3,3,3,2,1,1,2,11,10,14,4,5,7,35
50164,2,2,2,4,3,5,4,1,1,4,5,5,5,5,2,4,2,1,2,3,1,1,3,4,2,1,4,1,2,17,14,7,7,7,4,38
50166,1,2,2,2,1,2,3,2,1,5,4,4,4,3,1,4,2,2,1,3,3,1,2,4,2,2,2,1,1,18,15,11,7,8,6,44
50167,1,4,1,3,3,3,5,2,2,3,3,5,5,3,3,3,1,2,2,3,3,1,2,2,1,2,3,1,2,18,11,4,7,5,2,33
50169,1,4,3,3,3,2,4,2,1,4,1,4,4,2,2,4,3,2,2,3,3,2,3,1,1,2,3,1,1,11,11,13,4,5,7,35
50171,1,4,4,3,3,2,4,2,1,4,1,4,5,3,3,2,3,2,2,3,3,1,3,4,2,2,2,3,3,13,7,13,5,3,7,33
50172,1,1,5,2,3,2,3,3,1,5,4,5,5,2,4,4,2,2,2,5,1,2,3,2,2,2,1,3,2,6,16,12,2,8,6,34
50173,1,1,2,3,3,2,4,2,2,5,3,5,5,4,2,2,4,3,2,5,1,1,2,2,2,2,2,1,3,14,10,8,6,5,4,32
50174,1,1,4,3,3,2,4,2,1,5,1,5,4,2,3,2,3,2,2,2,3,2,3,2,2,2,3,2,2,16,7,11,6,3,6,34
50175,1,1,1,3,3,3,4,3,1,4,5,5,5,2,3,5,4,2,2,3,1,1,1,2,1,2,1,3,4,18,8,6,7,3,3,32
50176,1,1,4,3,3,1,4,2,1,4,5,2,4,3,5,1,1,5,2,2,1,1,2,1,2,1,5,1,2,14,7,8,6,3,4,29
50177,1,2,2,5,3,2,4,1,3,5,3,4,5,4,3,4,1,2,2,3,2,1,4,4,1,1,1,1,2,15,12,17,6,6,9,44
50178,1,2,1,3,3,2,4,2,3,4,1,4,5,2,1,3,4,2,2,3,3,3,3,2,1,1,3,1,2,14,7,10,6,3,5,31
50180,1,4,2,2,3,2,4,1,1,3,1,4,5,4,3,2,5,2,2,5,1,1,2,2,2,2,5,1,3,15,12,6,6,6,3,33
50181,1,1,5,3,1,2,3,2,1,4,4,5,5,4,4,2,1,2,5,5,3,2,2,1,3,2,3,1,3,14,14,17,6,7,9,45
50184,1,1,2,3,3,2,4,2,1,4,1,2,4,3,3,4,2,2,2,3,3,2,3,2,3,2,1,1,3,20,13,8,8,6,4,41
50185,1,1,2,2,3,2,4,2,1,4,1,2,5,3,2,4,4,2,2,3,1,1,2,2,1,2,3,1,2,17,6,12,7,2,6,35
50187,1,4,2,3,3,2,4,4,2,3,3,5,5,4,4,3,2,3,2,3,1,2,3,4,1,2,1,3,2,14,11,8,6,5,4,33
50189,1,1,2,2,3,2,4,2,1,4,1,4,4,4,3,3,1,2,2,2,3,2,3,3,2,2,2,1,2,9,8,14,3,3,7,31
50190,1,1,5,3,3,2,4,2,1,3,3,2,5,4,2,3,5,5,2,2,1,1,3,4,2,2,3,6,2,15,9,12,6,2,6,36
50191,1,1,5,3,2,2,4,3,1,4,3,5,5,3,3,4,2,3,1,5,2,1,3,4,1,2,1,3,2,16,11,13,6,5,7,40
50192,1,4,2,3,3,2,4,2,3,5,4,5,5,2,3,2,2,3,2,3,1,2,3,4,3,2,1,3,3,14,5,12,6,1,6,31
50193,1,1,4,2,3,2,4,3,2,4,1,2,4,2,3,4,4,5,2,5,1,1,4,4,1,2,1,1,3,13,8,9,5,3,5,30
50194,1,4,2,2,2,2,4,2,2,5,5,5,5,2,2,2,3,2,2,3,3,2,3,1,2,1,3,1,2,18,8,8,7,3,4,34
50196,1,4,5,4,5,5,3,1,2,4,1,4,4,2,3,3,2,2,2,3,3,2,2,2,2,2,3,1,2,9,8,18,3,3,9,35
50197,1,1,2,3,1,2,4,2,1,4,3,4,4,4,3,4,2,2,2,3,1,2,3,4,1,2,1,1,3,13,12,10,5,6,5,35
50198,1,1,2,3,3,2,4,2,2,5,4,4,5,4,4,2,3,2,2,5,3,1,3,4,2,2,2,3,2,15,10,8,6,5,4,33
50199,1,1,3,2,1,2,4,2,1,4,1,4,5,4,2,3,3,3,2,3,1,1,3,3,2,4,3,6,2,14,11,10,6,5,5,35
50200,1,2,4,3,3,2,4,2,1,4,1,4,5,3,2,3,4,2,3,3,1,2,2,3,2,2,3,2,2,12,13,16,5,6,8,41
50201,1,2,1,4,3,3,5,1,4,4,3,5,5,2,4,5,5,2,3,5,1,3,1,3,2,1,4,6,3,9,15,12,3,8,6,36
50202,1,4,1,3,3,3,4,1,3,4,1,5,5,1,4,4,3,3,5,5,1,3,4,4,1,2,1,3,3,11,12,12,4,6,6,35
50203,1,1,4,3,1,2,3,3,1,5,4,5,5,1,4,2,1,1,2,3,1,3,4,1,4,2,3,3,5,7,13,16,2,6,8,36
50204,1,4,1,3,3,2,4,2,2,4,1,3,5,3,2,4,3,3,2,3,3,1,2,2,2,2,4,1,2,16,6,10,6,2,5,32
50205,1,1,5,2,3,2,4,2,1,5,5,5,5,4,3,4,3,2,2,3,1,1,2,3,2,2,1,1,2,14,11,9,6,5,5,34
50206,1,3,2,3,3,2,3,1,1,4,3,5,5,3,3,4,3,2,2,3,1,1,1,2,1,2,1,1,2,16,6,7,6,2,4,29
50207,1,1,3,2,2,2,4,2,1,5,2,4,2,4,3,2,3,3,2,3,1,1,3,3,2,2,1,1,2,18,8,13,7,3,7,39
50208,1,1,3,3,3,3,4,3,1,4,3,2,4,3,2,2,2,2,2,3,3,1,3,2,2,2,1,1,2,15,5,12,6,1,6,32
50209,1,2,2,2,3,2,4,2,2,4,5,5,5,4,2,3,4,3,2,3,2,1,4,4,2,2,2,3,2,10,6,17,4,2,9,33
50211,1,1,5,3,1,3,4,1,3,5,3,5,5,4,3,4,3,4,2,3,3,1,3,4,2,2,2,3,2,12,8,13,5,3,7,33
50212,1,1,5,4,3,5,4,1,1,5,5,4,4,3,3,5,5,5,2,3,3,1,2,3,3,3,5,1,2,18,12,10,7,6,5,40
50213,1,1,2,3,3,2,4,2,1,5,1,4,4,3,2,4,2,2,2,3,1,2,2,2,2,2,2,1,2,19,12,14,8,6,7,45
50214,1,1,3,3,3,2,4,2,1,4,1,4,4,3,3,4,2,2,2,4,1,5,4,4,1,2,1,1,2,9,18,18,3,10,9,45
50216,1,1,2,3,3,3,3,2,2,4,3,4,2,2,2,4,4,2,2,3,1,2,3,2,2,2,1,3,2,13,15,15,5,8,8,43
50217,1,1,2,4,3,5,3,1,1,5,1,4,4,3,2,4,1,4,2,3,3,1,2,3,2,2,5,1,2,19,5,8,8,1,4,32
50218,1,1,2,3,3,4,3,1,1,4,3,5,2,3,3,1,3,1,2,4,1,2,2,4,2,2,3,3,2,18,9,10,7,2,5,37
50219,1,1,2,3,3,2,4,1,1,4,1,4,4,2,3,3,2,3,2,3,1,1,2,2,2,2,1,1,2,13,9,12,5,2,6,34
50221,1,2,2,3,3,3,4,2,1,5,3,4,5,4,3,4,3,1,2,3,1,1,4,4,2,2,1,3,3,14,6,12,6,2,6,32
50222,1,1,5,3,3,2,3,2,2,4,4,4,4,2,3,4,2,1,2,3,2,2,2,3,2,2,3,2,2,5,14,10,1,7,5,29
50223,1,1,2,3,3,2,4,2,2,2,4,2,4,2,2,4,3,2,2,3,1,1,2,2,1,3,2,1,2,14,9,10,6,2,5,33
50224,1,1,2,3,3,3,4,1,1,4,3,5,5,2,5,4,2,1,2,5,1,1,3,2,2,1,5,3,3,16,14,13,6,7,7,43
50225,1,3,2,4,3,4,3,2,3,3,3,5,5,2,5,4,2,2,3,5,1,2,3,2,3,2,3,3,5,7,14,17,2,7,9,38
50226,1,1,3,4,3,5,3,3,1,4,3,5,5,3,2,4,2,3,2,5,3,2,3,2,2,2,2,1,2,14,8,10,6,3,5,32
50227,1,1,5,4,3,5,4,3,2,4,1,4,5,2,3,3,5,3,2,2,2,1,3,2,3,2,3,2,2,16,6,15,6,2,8,37
50228,1,1,3,3,3,3,3,2,1,4,1,2,4,3,2,2,3,3,2,3,1,1,3,3,2,2,3,1,2,15,7,8,6,3,4,30
50229,1,1,2,3,3,3,3,2,1,5,1,2,4,4,2,2,2,1,2,3,1,1,2,4,2,2,3,4,5,19,9,7,8,2,4,35
50230,1,1,5,4,3,5,4,2,1,3,5,2,4,4,3,4,2,3,2,2,1,1,2,1,2,2,3,1,2,20,8,10,8,3,5,38
50231,1,1,3,3,3,2,4,1,1,5,3,5,5,2,3,5,3,2,2,2,1,2,4,4,3,2,3,4,3,16,7,15,6,3,8,38
50232,1,1,5,4,3,4,4,3,2,4,5,5,5,3,3,4,2,1,2,2,1,2,2,3,2,4,1,6,2,17,12,13,7,6,7,42
50233,1,1,3,4,3,5,4,1,1,4,5,5,5,3,3,2,3,2,2,4,1,1,3,3,2,2,1,4,3,15,10,14,6,5,7,39
50234,1,2,4,3,3,4,5,2,1,3,1,2,5,3,3,3,2,2,2,3,3,1,2,2,1,1,1,1,1,15,10,8,6,5,4,33
50235,1,1,2,4,3,5,4,2,2,3,3,2,4,4,3,3,2,1,2,2,1,1,2,2,2,2,3,3,1,12,6,10,5,2,5,28
50236,1,4,1,4,3,5,4,1,1,4,3,4,5,3,3,4,3,2,2,3,1,2,2,2,2,2,2,1,2,16,6,13,6,2,7,35
50237,1,1,4,3,3,3,4,2,2,4,1,4,5,3,3,1,4,2,2,3,1,1,2,1,2,2,5,6,2,12,4,7,5,1,4,23
50238,2,1,2,4,3,3,4,1,1,4,5,2,4,3,1,5,3,2,2,3,1,3,2,3,3,2,1,1,2,14,12,10,6,6,5,36
50239,2,1,4,3,3,3,4,2,1,4,1,2,4,2,3,1,3,2,2,3,3,1,1,2,1,1,4,3,3,14,10,13,6,5,7,37
50241,1,2,3,3,3,3,4,2,1,4,3,4,5,3,2,3,2,3,2,5,3,2,3,2,2,4,3,1,2,16,5,13,6,1,7,34
50242,1,1,2,3,3,2,4,2,1,5,3,5,5,2,2,2,3,2,2,2,1,2,4,4,2,2,2,4,3,15,12,12,6,6,6,39
50244,1,1,2,3,3,3,4,2,1,4,1,5,4,4,2,3,2,2,2,3,1,2,2,1,2,2,1,2,2,15,9,4,6,2,2,28
50245,2,4,1,3,3,3,4,2,1,3,4,4,4,3,2,3,1,2,2,4,3,1,2,2,3,2,4,1,2,13,12,6,5,6,3,31
50246,1,1,3,3,3,3,5,2,2,4,3,5,5,2,3,2,3,2,2,4,1,2,3,4,3,2,3,3,3,10,10,11,4,5,6,31
50247,1,1,2,3,3,3,5,1,1,4,3,2,5,3,2,4,2,2,2,3,1,2,2,3,2,2,1,1,2,14,4,13,6,1,7,31
50249,2,1,3,4,3,4,5,2,1,4,2,2,2,4,2,3,3,2,2,3,1,1,2,2,2,1,3,1,3,23,5,4,10,1,2,32
50250,1,1,1,3,1,3,4,1,1,5,3,4,5,2,4,3,3,2,2,3,3,2,4,4,3,2,1,1,3,14,10,9,6,5,5,33
50252,1,4,3,3,3,2,5,2,1,4,5,5,5,3,3,2,5,3,2,3,3,1,3,3,2,2,2,6,3,19,12,9,8,6,5,40
50253,1,2,2,3,3,4,5,1,2,4,4,1,5,2,2,4,2,2,2,3,2,2,2,2,2,2,1,3,2,19,17,8,8,9,4,44
50254,1,4,3,3,3,2,4,2,1,4,2,2,5,2,2,3,4,2,2,4,1,1,3,1,2,2,3,1,4,11,13,17,4,6,9,41
50255,1,1,4,2,3,2,4,4,1,3,4,5,4,3,4,3,3,3,2,5,1,2,2,2,3,2,3,3,3,14,10,12,6,5,6,36
50256,1,4,5,3,3,2,4,2,2,5,1,4,5,3,3,4,1,2,2,3,1,1,3,3,2,2,5,1,1,15,4,11,6,1,6,30
50258,1,1,2,3,3,2,3,2,2,4,4,5,5,3,3,4,2,5,2,3,3,2,2,3,3,2,3,1,2,20,10,9,8,5,5,39
50262,1,4,2,3,3,3,4,1,1,5,1,4,5,4,4,3,3,2,2,4,1,1,3,1,2,2,3,3,2,12,7,11,5,3,6,30
50264,1,1,2,2,3,2,4,2,2,5,1,4,4,3,1,4,4,3,2,3,1,3,2,3,2,2,1,3,2,13,10,12,5,5,6,35
50265,1,3,4,2,1,2,3,3,3,4,1,4,4,2,3,4,2,2,3,5,2,3,3,4,3,2,2,1,4,9,15,11,3,8,6,35
50267,1,2,3,2,1,2,4,2,1,3,1,2,4,2,2,2,3,2,2,4,3,1,3,3,1,2,3,1,2,14,8,12,6,3,6,34
50268,1,1,4,2,3,2,4,3,1,4,4,4,5,2,3,4,2,3,2,4,1,2,3,2,2,2,3,1,2,15,10,12,6,5,6,37
50270,1,3,3,2,2,2,4,3,2,5,1,2,4,4,2,4,2,3,2,2,1,1,2,2,2,2,2,1,2,14,10,6,6,5,3,30
50271,1,1,2,2,3,2,3,2,1,4,2,2,4,5,2,3,4,3,2,1,3,3,3,4,2,2,1,2,2,15,7,12,6,3,6,34
50272,1,2,2,2,3,2,4,2,1,4,1,2,2,4,2,4,2,5,2,5,3,2,3,4,2,2,5,1,2,16,8,14,6,3,7,38
50274,1,1,2,2,3,2,5,3,1,4,3,4,4,3,2,2,3,2,2,3,1,1,3,2,2,2,1,1,1,17,5,7,7,1,4,29
50275,1,4,5,3,3,2,4,2,2,5,1,5,4,3,3,4,3,2,2,3,1,3,2,2,2,1,2,1,2,11,12,11,4,6,6,34
50276,2,8,3,3,3,2,5,2,2,2,1,4,5,4,2,3,5,1,2,3,3,2,3,1,2,3,1,1,3,16,6,8,6,2,4,30
50278,1,1,1,2,3,2,3,3,1,5,3,5,4,2,3,3,3,2,2,5,1,2,4,3,3,4,2,3,3,13,14,16,5,7,8,43
50279,1,1,2,3,3,2,4,3,3,5,5,5,4,2,3,4,3,1,5,5,2,2,4,3,2,4,1,3,4,9,9,19,3,2,10,37
50284,1,1,2,2,3,1,4,1,2,4,1,4,4,3,2,4,3,2,2,3,3,1,2,4,2,2,3,1,2,8,8,11,3,3,6,27
50285,1,1,2,3,3,2,4,3,3,4,3,3,5,2,4,5,3,2,2,3,1,2,2,2,3,1,2,3,2,15,16,16,6,8,8,47
50288,1,4,4,3,3,2,3,3,2,4,4,4,4,2,3,4,1,4,5,5,3,2,1,3,3,2,3,1,1,13,10,13,5,5,7,36
50290,1,2,2,2,1,2,3,2,1,5,2,2,4,3,3,3,2,2,2,3,3,1,2,1,1,3,4,5,2,17,10,6,7,5,3,33
50291,1,1,2,2,3,2,4,2,3,5,5,5,5,3,3,4,3,2,3,3,1,1,3,4,2,1,2,3,4,18,6,13,7,2,7,37
50292,1,1,2,3,3,2,4,2,1,4,1,2,4,4,3,3,2,3,2,3,3,1,1,4,2,2,5,3,2,15,8,11,6,3,6,34
50293,1,4,2,3,3,2,4,2,2,5,4,5,5,2,3,4,3,2,2,3,3,1,3,2,3,2,4,1,2,10,8,11,4,3,6,29
50294,1,1,1,3,4,2,4,3,2,4,3,5,4,3,3,2,3,2,3,5,2,2,3,1,4,2,1,3,5,8,6,20,3,2,10,34
50295,1,1,2,4,3,5,4,3,2,3,3,5,4,4,3,3,3,1,3,4,2,3,4,2,2,2,1,1,5,17,8,13,7,3,7,38
50296,2,4,3,2,4,1,2,3,4,3,4,3,3,2,2,3,2,3,2,3,2,3,2,3,4,3,3,2,2,12,10,12,5,5,6,34
50298,1,4,2,3,3,3,5,1,4,4,3,5,5,5,2,4,3,3,2,5,1,1,4,1,1,2,1,1,2,19,9,12,8,2,6,40
50300,2,4,5,5,3,5,2,1,1,5,3,5,5,2,3,4,5,2,5,5,3,2,2,4,3,2,5,6,2,14,8,11,6,3,6,33
50301,2,4,5,5,3,5,2,1,1,5,3,5,5,2,3,4,5,2,2,5,3,2,2,4,3,2,5,6,2,14,8,11,6,3,6,33
50302,2,4,3,4,3,5,2,2,1,5,3,5,4,2,3,4,2,3,2,3,1,1,2,2,3,3,1,3,2,14,14,10,6,7,5,38
50304,2,4,5,4,3,5,3,1,1,5,3,2,4,2,4,5,5,5,2,5,1,2,2,3,2,3,1,3,3,16,11,8,6,5,4,35
50305,3,4,4,4,3,3,2,1,1,1,5,5,5,2,2,4,1,1,2,3,1,2,2,3,3,2,3,3,1,20,10,8,8,5,4,38
50307,2,4,4,4,3,1,3,4,1,5,4,5,5,1,5,4,4,2,5,4,3,2,2,2,2,2,2,3,2,15,14,13,6,7,7,42
50310,2,4,3,4,3,5,2,2,2,5,3,5,5,2,3,4,2,1,2,3,1,2,2,2,2,2,3,1,2,12,7,12,5,3,6,31
50311,3,4,3,2,1,1,3,4,1,5,4,2,4,3,2,4,2,2,2,3,3,3,2,3,3,2,2,3,2,17,9,12,7,2,6,38
50312,2,4,3,4,3,5,2,1,3,5,3,5,5,3,3,4,1,1,2,3,3,2,2,3,3,2,2,1,2,13,8,16,5,3,8,37
50315,2,4,2,4,3,5,3,2,1,2,5,4,5,2,2,3,1,5,1,3,1,1,1,3,2,3,2,5,1,17,10,10,7,5,5,37
50316,2,4,3,4,3,5,2,2,1,2,5,5,4,3,3,4,1,3,2,3,3,2,1,2,3,3,2,1,2,18,13,10,7,6,5,41
50318,3,4,1,4,3,1,3,4,1,1,3,2,2,3,3,4,1,4,1,3,1,1,1,1,1,2,2,1,1,21,10,7,9,5,4,38
50320,1,1,3,3,3,2,4,3,1,4,3,5,5,3,3,4,2,1,2,5,3,1,1,2,3,2,1,1,3,15,10,15,6,5,8,40
50321,1,1,4,2,3,2,4,2,1,4,2,2,4,3,2,3,2,3,2,2,3,1,2,3,3,2,3,2,2,15,11,12,6,5,6,38
50322,1,1,2,2,1,1,3,2,1,5,1,5,4,4,1,4,2,3,2,3,2,1,2,1,1,2,3,1,2,20,7,7,8,3,4,34
50324,1,1,5,3,3,1,4,2,1,5,4,5,5,3,2,2,3,2,2,3,1,1,2,4,2,1,3,1,2,16,13,7,6,6,4,36
50325,1,1,2,3,3,2,4,3,1,4,3,5,5,3,2,4,2,1,2,3,1,1,2,2,2,2,3,3,2,14,8,6,6,3,3,28
50327,1,1,3,3,1,2,4,3,1,4,2,2,4,2,2,3,3,3,2,3,2,1,2,1,1,1,3,2,1,17,9,6,7,2,3,32
50328,1,4,3,2,3,1,4,2,1,4,1,4,5,4,3,3,1,2,2,3,3,2,1,4,2,4,3,1,2,16,14,15,6,7,8,45
50329,3,1,3,2,2,1,4,2,1,2,2,2,2,4,1,4,3,1,2,1,3,1,1,2,1,2,3,1,1,17,12,10,7,6,5,39
50330,1,2,1,4,3,4,4,2,1,4,1,4,3,3,2,4,3,2,2,3,1,2,3,3,2,1,5,1,2,17,9,10,7,2,5,36
50331,1,1,2,2,3,2,4,2,2,5,1,2,4,3,3,4,3,3,2,3,3,3,2,4,2,2,1,1,3,15,11,13,6,5,7,39
50332,1,1,2,4,3,4,5,1,1,4,3,5,5,4,5,4,2,1,5,5,5,5,4,4,4,2,1,3,3,8,14,14,3,7,7,36
50334,1,1,2,3,3,2,5,2,1,5,1,2,5,4,3,5,5,3,2,3,1,1,2,2,2,2,5,6,2,19,2,8,8,1,4,29
50335,1,1,1,3,3,3,4,1,3,4,1,4,5,4,3,4,4,3,2,3,1,1,3,3,2,3,2,1,2,12,5,15,5,1,8,32
50337,1,4,2,3,3,3,5,2,1,4,1,2,5,4,3,3,2,2,2,5,2,2,3,2,1,2,3,3,3,14,9,12,6,2,6,35
50339,1,2,2,2,1,2,4,4,2,5,2,4,1,3,3,4,3,2,2,2,1,1,2,1,2,2,3,1,2,18,10,9,7,5,5,37
50340,1,1,3,3,3,3,3,2,1,5,4,5,5,3,3,5,3,3,3,3,5,1,1,4,3,3,2,1,1,16,12,8,6,6,4,36
50341,1,4,3,4,4,3,4,1,3,5,1,5,5,4,3,4,2,2,3,5,1,3,4,1,2,2,2,3,3,14,13,16,6,6,8,43
50344,2,2,2,4,3,5,2,1,2,5,1,4,5,1,3,2,2,3,2,3,1,1,3,4,4,2,5,3,2,8,13,18,3,6,9,39
50345,2,1,2,3,3,3,4,2,2,4,5,4,5,2,3,4,3,2,2,3,1,1,3,3,2,1,1,1,3,14,8,11,6,3,6,33
50347,1,1,2,4,3,4,3,1,2,5,2,2,1,3,1,2,3,5,2,2,1,1,2,4,1,1,1,1,1,14,5,11,6,1,6,30
50348,1,1,2,3,3,4,3,2,2,4,1,5,5,2,3,2,1,2,2,4,1,1,3,4,3,2,1,3,3,9,9,12,3,2,6,30
50349,1,1,2,3,3,2,3,2,1,5,1,5,5,2,3,2,2,2,2,3,3,1,4,4,2,2,1,1,3,12,7,9,5,3,5,28
50350,1,2,2,3,3,2,3,2,3,4,3,5,5,3,5,3,1,1,3,3,3,2,4,4,4,2,1,3,3,9,8,19,3,3,10,36
50352,1,1,2,2,1,2,3,2,1,5,2,5,5,2,3,5,3,2,3,4,1,2,3,1,2,2,3,1,2,8,10,15,3,5,8,33
50353,2,3,2,4,3,5,3,1,1,5,5,2,5,2,3,1,1,5,2,2,1,1,2,2,3,2,1,3,2,16,11,18,6,5,9,45
50356,1,1,4,2,3,4,3,2,1,5,4,5,5,2,3,4,3,1,5,5,2,3,3,4,1,2,5,1,3,6,7,15,2,3,8,28
